Mcg,Gvh,Alm,Mit,Erl,Pox,Vac,Nuc,Class
0.5595238095238095,0.5465116279069768,0.3116883116883117,0.1625,0.0,0.0,0.6666666666666666,0.21212121212121213,6.0
0.38095238095238093,0.6162790697674418,0.3246753246753247,0.3375,0.0,0.0,0.7361111111111112,0.21212121212121213,6.0
0.36904761904761907,0.3488372093023256,0.3246753246753247,0.675,0.0,0.0,0.6666666666666666,0.21212121212121213,6.0
0.47619047619047616,0.3023255813953489,0.4285714285714286,0.21250000000000002,0.0,0.6024096385542169,0.6805555555555555,0.21212121212121213,0.0
0.4642857142857143,0.46511627906976755,0.3246753246753247,0.8125,0.0,0.0,0.7361111111111112,0.21212121212121213,6.0
0.44047619047619047,0.3604651162790698,0.46753246753246747,0.25,0.0,0.0,0.8055555555555555,0.33333333333333337,7.0
0.36904761904761907,0.2674418604651163,0.46753246753246747,0.25,0.0,0.0,0.7222222222222222,0.2828282828282828,7.0
0.5833333333333334,0.3023255813953489,0.37662337662337664,0.5750000000000001,0.0,0.0,0.7361111111111112,0.21212121212121213,6.0
0.6547619047619048,0.47674418604651175,0.2857142857142857,0.2375,0.0,0.0,0.6388888888888888,0.21212121212121213,6.0
0.4642857142857143,0.23255813953488375,0.4155844155844156,0.2625,0.0,0.0,0.6805555555555555,0.21212121212121213,7.0
0.38095238095238093,0.3488372093023256,0.3246753246753247,0.275,0.0,0.0,0.7083333333333334,0.21212121212121213,0.0
0.7380952380952381,0.5697674418604652,0.24675324675324672,0.375,0.0,0.0,0.6805555555555555,0.21212121212121213,0.0
0.47619047619047616,0.4302325581395349,0.37662337662337664,0.6375,0.0,0.0,0.75,0.21212121212121213,6.0
0.6190476190476191,0.6162790697674418,0.4415584415584415,0.3,0.0,0.0,0.6805555555555555,0.21212121212121213,6.0
0.26190476190476186,0.47674418604651175,0.36363636363636365,0.5375,0.0,0.0,0.7083333333333334,0.21212121212121213,7.0
0.75,0.6162790697674418,0.3116883116883117,0.42500000000000004,0.0,0.0,0.5833333333333333,0.21212121212121213,2.0
0.5714285714285714,0.45348837209302334,0.2597402597402597,0.55,0.0,0.0,0.6944444444444444,0.21212121212121213,6.0
0.8095238095238095,0.49999999999999994,0.23376623376623373,0.35000000000000003,0.0,0.0,0.8194444444444444,0.21212121212121213,4.0
0.3571428571428571,0.46511627906976755,0.20779220779220786,0.25,0.0,0.0,0.7083333333333334,0.21212121212121213,5.0
0.30952380952380953,0.2558139534883721,0.4285714285714286,0.22499999999999998,0.0,0.0,0.6666666666666666,0.25252525252525254,9.0
0.75,0.49999999999999994,0.36363636363636365,0.35000000000000003,0.0,0.0,0.8055555555555555,0.21212121212121213,9.0
0.6309523809523809,0.48837209302325585,0.4285714285714286,0.275,0.0,0.0,0.625,0.21212121212121213,0.0
0.5,0.3488372093023256,0.36363636363636365,0.41250000000000003,0.0,0.0,0.763888888888889,0.21212121212121213,0.0
0.3214285714285714,0.4069767441860465,0.38961038961038963,0.2375,0.0,0.0,0.6944444444444444,0.21212121212121213,0.0
0.40476190476190477,0.5116279069767442,0.3246753246753247,0.8375,0.0,0.0,0.7222222222222222,0.21212121212121213,6.0
0.38095238095238093,0.2441860465116279,0.37662337662337664,0.65,0.0,0.0,0.75,0.21212121212121213,6.0
0.30952380952380953,0.2093023255813954,0.3116883116883117,0.22499999999999998,0.0,0.0,0.625,0.24242424242424243,7.0
0.3571428571428571,0.372093023255814,0.46753246753246747,0.2375,0.0,0.0,0.8055555555555555,0.26262626262626265,7.0
0.5833333333333334,0.3837209302325581,0.2857142857142857,0.275,0.0,0.0,0.7083333333333334,0.2828282828282828,0.0
0.44047619047619047,0.46511627906976755,0.4155844155844156,0.15,0.0,0.0,0.7083333333333334,0.21212121212121213,0.0
0.4285714285714286,0.29069767441860467,0.46753246753246747,0.1875,0.0,0.0,0.7916666666666665,0.21212121212121213,0.0
0.45238095238095244,0.32558139534883723,0.4285714285714286,0.6875,0.0,0.0,0.5833333333333333,0.24242424242424243,6.0
0.4642857142857143,0.46511627906976755,0.38961038961038963,0.675,0.0,0.0,0.7083333333333334,0.26262626262626265,6.0
0.47619047619047616,0.46511627906976755,0.48051948051948046,0.7124999999999999,0.0,0.0,0.8055555555555555,0.21212121212121213,6.0
0.6666666666666667,0.558139534883721,0.22077922077922085,0.5375,0.0,1.0,0.6944444444444444,0.21212121212121213,6.0
0.33333333333333337,0.3488372093023256,0.15584415584415584,0.2,0.0,0.0,0.763888888888889,0.21212121212121213,5.0
0.4642857142857143,0.44186046511627913,0.46753246753246747,0.375,0.0,0.0,0.7083333333333334,0.3434343434343434,7.0
0.36904761904761907,0.3837209302325581,0.37662337662337664,0.5125,0.0,0.0,0.7361111111111112,0.31313131313131315,0.0
0.41666666666666674,0.27906976744186046,0.3116883116883117,0.275,0.0,0.0,0.7222222222222222,0.26262626262626265,6.0
0.26190476190476186,0.3372093023255814,0.5324675324675325,0.2,0.0,0.0,0.7222222222222222,0.5151515151515152,7.0
0.45238095238095244,0.5465116279069768,0.33766233766233766,0.3125,0.0,0.0,0.6944444444444444,0.27272727272727276,0.0
0.5952380952380952,0.6744186046511629,0.20779220779220786,0.41250000000000003,0.0,0.0,0.8055555555555555,0.21212121212121213,6.0
0.29761904761904756,0.3372093023255814,0.20779220779220786,0.15,0.0,0.0,0.6805555555555555,0.21212121212121213,5.0
0.2261904761904762,0.48837209302325585,0.4155844155844156,0.22499999999999998,0.0,0.0,0.6944444444444444,0.21212121212121213,0.0
0.6428571428571429,0.5930232558139537,0.37662337662337664,0.2,0.0,0.0,0.8333333333333333,0.21212121212121213,0.0
0.40476190476190477,0.313953488372093,0.35064935064935066,0.5750000000000001,0.0,0.6024096385542169,0.6944444444444444,0.26262626262626265,8.0
0.40476190476190477,0.3604651162790698,0.35064935064935066,0.75,0.0,0.0,0.6805555555555555,0.21212121212121213,6.0
0.5714285714285714,0.6162790697674418,0.4285714285714286,0.5125,0.0,0.0,0.6527777777777777,0.21212121212121213,6.0
0.4285714285714286,0.3837209302325581,0.4415584415584415,0.6,0.0,0.0,0.6666666666666666,0.21212121212121213,6.0
0.2857142857142857,0.44186046511627913,0.3246753246753247,0.275,0.0,0.0,0.3611111111111111,0.21212121212121213,6.0
0.4285714285714286,0.313953488372093,0.5584415584415585,0.325,0.0,0.0,0.7361111111111112,0.21212121212121213,6.0
0.6666666666666667,0.558139534883721,0.4025974025974026,0.5375,0.0,0.0,0.7361111111111112,0.21212121212121213,6.0
0.511904761904762,0.47674418604651175,0.1428571428571429,0.3875,0.0,0.0,0.75,0.21212121212121213,5.0
0.5595238095238095,0.558139534883721,0.4025974025974026,0.21250000000000002,0.0,0.0,0.6666666666666666,0.21212121212121213,6.0
0.34523809523809523,0.27906976744186046,0.38961038961038963,0.2,0.0,0.0,0.7222222222222222,0.26262626262626265,7.0
0.41666666666666674,0.6627906976744187,0.3246753246753247,0.6625000000000001,0.0,0.0,0.7361111111111112,0.21212121212121213,6.0
0.4642857142857143,0.5813953488372094,0.4415584415584415,0.1875,0.0,0.0,0.6527777777777777,0.21212121212121213,0.0
0.4285714285714286,0.2093023255813954,0.5324675324675325,0.375,0.0,0.0,0.875,0.21212121212121213,7.0
0.5595238095238095,0.3953488372093023,0.36363636363636365,0.5874999999999999,0.0,0.0,0.763888888888889,0.21212121212121213,7.0
0.38095238095238093,0.49999999999999994,0.38961038961038963,0.2,0.0,0.0,0.75,0.21212121212121213,0.0
0.2023809523809524,0.2674418604651163,0.49350649350649345,0.11249999999999999,0.0,0.0,0.7222222222222222,0.5454545454545456,7.0
0.29761904761904756,0.627906976744186,0.2987012987012987,0.2,0.0,0.0,0.7361111111111112,0.27272727272727276,7.0
0.36904761904761907,0.3372093023255814,0.4285714285714286,0.125,0.0,0.0,0.6805555555555555,0.21212121212121213,0.0
0.34523809523809523,0.32558139534883723,0.6233766233766234,0.2625,0.0,0.0,0.75,0.31313131313131315,0.0
0.2857142857142857,0.3604651162790698,0.2597402597402597,0.1375,0.0,0.0,0.7777777777777778,0.21212121212121213,5.0
0.36904761904761907,0.32558139534883723,0.24675324675324672,0.25,0.0,0.0,0.6805555555555555,0.21212121212121213,5.0
0.2380952380952381,0.3488372093023256,0.38961038961038963,0.28750000000000003,0.0,0.0,0.7083333333333334,0.31313131313131315,7.0
0.3214285714285714,0.627906976744186,0.2727272727272727,0.5625,0.0,0.0,0.7361111111111112,0.21212121212121213,6.0
0.2380952380952381,0.19767441860465118,0.4285714285714286,0.41250000000000003,0.0,0.0,0.7222222222222222,0.32323232323232326,7.0
0.45238095238095244,0.19767441860465118,0.33766233766233766,0.4375,0.0,0.0,0.7083333333333334,0.2828282828282828,7.0
0.45238095238095244,0.3372093023255814,0.36363636363636365,0.1625,0.0,0.0,0.6527777777777777,0.21212121212121213,0.0
0.511904761904762,0.27906976744186046,0.37662337662337664,0.22499999999999998,0.0,0.0,0.6666666666666666,0.21212121212121213,0.0
0.24999999999999997,0.32558139534883723,0.37662337662337664,0.3,0.0,0.0,0.8333333333333333,0.21212121212121213,0.0
0.3928571428571429,0.32558139534883723,0.48051948051948046,0.2625,0.0,0.0,0.7916666666666665,0.21212121212121213,0.0
0.5595238095238095,0.5116279069767442,0.4545454545454545,0.6125,0.0,0.0,0.6805555555555555,0.25252525252525254,6.0
0.7261904761904762,0.558139534883721,0.1428571428571429,0.3625,0.0,0.0,0.7777777777777778,0.27272727272727276,6.0
0.7261904761904762,0.5465116279069768,0.18181818181818182,0.375,0.0,0.0,0.7916666666666665,0.21212121212121213,6.0
0.45238095238095244,0.372093023255814,0.2857142857142857,0.5625,0.0,0.0,0.7222222222222222,0.21212121212121213,6.0
0.36904761904761907,0.5116279069767442,0.23376623376623373,0.8125,0.0,0.0,0.6388888888888888,0.25252525252525254,6.0
0.5714285714285714,0.5465116279069768,0.1428571428571429,0.275,0.0,0.0,0.7083333333333334,0.21212121212121213,6.0
0.2857142857142857,0.6046511627906976,0.33766233766233766,0.2625,0.0,0.0,0.75,0.24242424242424243,0.0
0.48809523809523814,0.3023255813953489,0.48051948051948046,0.15,0.0,0.0,0.763888888888889,0.21212121212121213,0.0
0.5595238095238095,0.48837209302325585,0.2857142857142857,0.15,0.0,0.0,0.7083333333333334,0.21212121212121213,7.0
0.5,0.27906976744186046,0.5584415584415585,0.3125,0.0,0.0,0.5972222222222222,0.21212121212121213,7.0
0.3571428571428571,0.3604651162790698,0.38961038961038963,0.21250000000000002,0.0,0.0,0.7083333333333334,0.24242424242424243,7.0
0.2380952380952381,0.372093023255814,0.4025974025974026,0.65,0.0,0.0,0.6944444444444444,0.33333333333333337,7.0
0.8452380952380952,0.7093023255813953,0.4025974025974026,0.28750000000000003,0.0,0.0,0.6388888888888888,0.21212121212121213,2.0
0.3214285714285714,0.4302325581395349,0.6753246753246753,0.21250000000000002,0.0,0.0,0.763888888888889,0.21212121212121213,0.0
0.41666666666666674,0.46511627906976755,0.6233766233766234,0.1875,0.0,0.0,0.8194444444444444,0.21212121212121213,6.0
0.36904761904761907,0.49999999999999994,0.6363636363636364,0.275,0.0,0.0,0.7916666666666665,0.21212121212121213,6.0
0.40476190476190477,0.15116279069767447,0.4415584415584415,0.44999999999999996,0.0,0.0,0.7222222222222222,0.1717171717171717,0.0
0.10714285714285715,0.13953488372093026,0.37662337662337664,0.17500000000000002,0.0,0.0,0.7361111111111112,0.43434343434343436,0.0
0.1904761904761905,0.29069767441860467,0.5584415584415585,0.1375,0.0,0.0,0.611111111111111,0.21212121212121213,6.0
0.5238095238095238,0.32558139534883723,0.1428571428571429,0.375,0.0,0.0,0.7222222222222222,0.21212121212121213,5.0
0.27380952380952384,0.32558139534883723,0.09090909090909088,0.28750000000000003,0.0,0.0,0.7361111111111112,0.21212121212121213,5.0
0.3928571428571429,0.45348837209302334,0.37662337662337664,0.28750000000000003,0.0,1.0,0.7083333333333334,0.21212121212121213,8.0
0.29761904761904756,0.627906976744186,0.19480519480519481,0.1,0.0,0.0,0.7361111111111112,0.24242424242424243,9.0
0.2857142857142857,0.3023255813953489,0.46753246753246747,0.275,0.0,0.0,0.6527777777777777,0.36363636363636365,7.0
0.36904761904761907,0.2093023255813954,0.35064935064935066,0.2625,0.0,0.0,0.7083333333333334,0.21212121212121213,7.0
0.14285714285714288,0.06976744186046513,0.38961038961038963,0.25,0.0,0.0,0.611111111111111,0.21212121212121213,7.0
0.5238095238095238,0.46511627906976755,0.4285714285714286,0.275,0.0,0.0,0.6944444444444444,0.36363636363636365,7.0
0.29761904761904756,0.11627906976744184,0.33766233766233766,0.2,0.0,0.0,0.7083333333333334,0.21212121212121213,7.0
0.5833333333333334,0.48837209302325585,0.3116883116883117,0.25,0.0,0.0,0.6944444444444444,0.37373737373737376,7.0
0.4642857142857143,0.4302325581395349,0.37662337662337664,0.11249999999999999,0.0,0.0,0.6666666666666666,0.24242424242424243,7.0
0.41666666666666674,0.3372093023255814,0.33766233766233766,0.9875,0.0,0.0,0.6805555555555555,0.6262626262626264,7.0
0.5357142857142858,0.44186046511627913,0.4155844155844156,0.2375,0.0,0.0,0.75,0.21212121212121213,0.0
0.5952380952380952,0.18604651162790697,0.46753246753246747,0.15,0.0,0.0,0.6805555555555555,0.26262626262626265,7.0
0.8571428571428571,0.5116279069767442,0.1298701298701299,0.05,0.0,0.0,0.7361111111111112,0.21212121212121213,4.0
0.48809523809523814,0.46511627906976755,0.35064935064935066,0.2625,0.0,0.0,0.6666666666666666,0.29292929292929293,0.0
0.7976190476190477,0.6511627906976745,0.11688311688311692,0.28750000000000003,0.0,0.0,0.7361111111111112,0.21212121212121213,3.0
0.40476190476190477,0.48837209302325585,0.38961038961038963,0.4,0.0,0.0,0.7916666666666665,0.21212121212121213,0.0
0.5595238095238095,0.5348837209302326,0.2597402597402597,0.15,0.0,0.0,0.763888888888889,0.21212121212121213,5.0
0.9642857142857144,0.5465116279069768,0.22077922077922085,0.275,0.0,0.0,0.75,0.21212121212121213,4.0
0.5238095238095238,0.48837209302325585,0.2857142857142857,0.17500000000000002,0.0,0.0,0.75,0.21212121212121213,0.0
0.6190476190476191,0.5465116279069768,0.23376623376623373,0.275,0.0,0.0,0.7083333333333334,0.21212121212121213,5.0
0.5595238095238095,0.45348837209302334,0.19480519480519481,0.22499999999999998,0.0,0.0,0.7222222222222222,0.21212121212121213,5.0
0.5,0.627906976744186,0.24675324675324672,0.2375,0.0,0.0,0.7361111111111112,0.21212121212121213,5.0
0.7857142857142857,0.7674418604651163,0.36363636363636365,0.5,1.0,0.0,0.75,0.21212121212121213,1.0
0.7857142857142857,0.8488372093023255,0.3116883116883117,0.4625,0.0,0.0,0.6666666666666666,0.21212121212121213,2.0
0.2857142857142857,0.372093023255814,0.33766233766233766,0.1875,1.0,0.0,0.763888888888889,0.3434343434343434,0.0
0.6190476190476191,0.558139534883721,0.24675324675324672,0.15,0.0,0.0,0.7222222222222222,0.24242424242424243,0.0
0.7142857142857143,0.5232558139534884,0.38961038961038963,0.1875,0.0,0.0,0.6805555555555555,0.32323232323232326,0.0
0.41666666666666674,0.2441860465116279,0.1298701298701299,0.21250000000000002,0.0,0.0,0.763888888888889,0.21212121212121213,5.0
0.2857142857142857,0.2558139534883721,0.4415584415584415,0.21250000000000002,0.0,0.0,0.7222222222222222,0.21212121212121213,0.0
0.511904761904762,0.49999999999999994,0.37662337662337664,0.2375,0.0,0.0,0.8194444444444444,0.6666666666666669,7.0
0.9523809523809523,0.7325581395348837,0.1428571428571429,0.5874999999999999,0.0,0.0,0.7222222222222222,0.30303030303030304,3.0
0.40476190476190477,0.3023255813953489,0.4285714285714286,0.17500000000000002,0.0,0.0,0.75,0.21212121212121213,0.0
0.3571428571428571,0.29069767441860467,0.36363636363636365,0.65,0.0,0.0,0.6805555555555555,0.21212121212121213,0.0
0.30952380952380953,0.23255813953488375,0.11688311688311692,0.275,0.0,0.0,0.7777777777777778,0.21212121212121213,5.0
0.47619047619047616,0.5116279069767442,0.4025974025974026,0.3625,0.0,0.0,0.7361111111111112,0.21212121212121213,0.0
0.4642857142857143,0.4186046511627907,0.3246753246753247,0.21250000000000002,0.0,0.0,0.6527777777777777,0.25252525252525254,0.0
0.45238095238095244,0.372093023255814,0.1428571428571429,0.2625,0.0,0.0,0.763888888888889,0.21212121212121213,5.0
0.7023809523809523,0.6395348837209303,0.2597402597402597,0.41250000000000003,0.0,0.0,0.8055555555555555,0.21212121212121213,3.0
0.5714285714285714,0.5930232558139537,0.37662337662337664,0.375,0.0,0.0,0.6388888888888888,0.30303030303030304,0.0
0.30952380952380953,0.22093023255813954,0.35064935064935066,0.15,0.0,0.0,0.7083333333333334,0.5353535353535355,0.0
0.2380952380952381,0.19767441860465118,0.4025974025974026,0.22499999999999998,0.0,0.0,0.7222222222222222,0.2828282828282828,7.0
0.1904761904761905,0.4302325581395349,0.3116883116883117,0.4375,0.0,0.0,0.6805555555555555,0.27272727272727276,7.0
0.511904761904762,0.48837209302325585,0.4415584415584415,0.22499999999999998,0.0,0.0,0.625,0.24242424242424243,7.0
0.07142857142857142,0.27906976744186046,0.2857142857142857,0.11249999999999999,0.0,0.0,0.75,0.26262626262626265,7.0
0.5714285714285714,0.3372093023255814,0.37662337662337664,0.2375,0.0,0.0,0.763888888888889,0.26262626262626265,0.0
0.45238095238095244,0.3372093023255814,0.3246753246753247,0.1875,0.0,0.0,0.763888888888889,0.24242424242424243,0.0
0.44047619047619047,0.29069767441860467,0.33766233766233766,0.22499999999999998,0.0,0.0,0.7083333333333334,0.21212121212121213,0.0
0.75,0.45348837209302334,0.35064935064935066,0.1,0.0,0.0,0.763888888888889,0.30303030303030304,0.0
0.2261904761904762,0.4186046511627907,0.3116883116883117,0.1375,0.0,0.0,0.6388888888888888,0.21212121212121213,0.0
0.3928571428571429,0.4302325581395349,0.3246753246753247,0.475,0.0,0.0,0.7222222222222222,0.21212121212121213,0.0
0.5238095238095238,0.313953488372093,0.4285714285714286,0.2625,0.0,0.0,0.7222222222222222,0.21212121212121213,0.0
0.34523809523809523,0.3953488372093023,0.35064935064935066,0.21250000000000002,0.0,0.0,0.75,0.494949494949495,0.0
0.5595238095238095,0.3953488372093023,0.4285714285714286,0.125,0.0,0.0,0.6388888888888888,0.24242424242424243,7.0
0.5595238095238095,0.3953488372093023,0.4285714285714286,0.15,0.0,0.0,0.6388888888888888,0.24242424242424243,7.0
0.5595238095238095,0.3604651162790698,0.3246753246753247,0.3,0.0,0.0,0.7222222222222222,0.36363636363636365,0.0
0.5595238095238095,0.313953488372093,0.36363636363636365,0.325,0.0,0.0,0.7083333333333334,0.36363636363636365,0.0
0.6904761904761905,0.4186046511627907,0.33766233766233766,0.525,0.0,0.0,0.6805555555555555,0.21212121212121213,6.0
0.4285714285714286,0.4069767441860465,0.5194805194805195,0.21250000000000002,0.0,0.0,0.4305555555555555,0.25252525252525254,7.0
0.2023809523809524,0.4302325581395349,0.4155844155844156,0.1375,0.0,0.0,0.6388888888888888,0.21212121212121213,7.0
0.11904761904761904,0.27906976744186046,0.33766233766233766,0.2,0.0,0.0,0.7083333333333334,0.4444444444444445,0.0
0.41666666666666674,0.3604651162790698,0.4285714285714286,0.2,0.0,0.0,0.7777777777777778,0.21212121212121213,0.0
0.3928571428571429,0.32558139534883723,0.5064935064935064,0.17500000000000002,0.0,0.0,0.763888888888889,0.36363636363636365,7.0
0.30952380952380953,0.23255813953488375,0.4545454545454545,0.3,0.0,0.0,0.611111111111111,0.1717171717171717,7.0
0.33333333333333337,0.29069767441860467,0.4155844155844156,0.65,0.0,0.0,0.5138888888888888,0.15151515151515152,7.0
0.33333333333333337,0.29069767441860467,0.4155844155844156,0.65,0.0,0.0,0.5138888888888888,0.15151515151515152,7.0
0.5952380952380952,0.49999999999999994,0.2857142857142857,0.2625,0.0,0.0,0.6944444444444444,0.41414141414141414,7.0
0.5,0.627906976744186,0.1428571428571429,0.525,0.0,0.0,0.75,0.26262626262626265,5.0
0.5,0.45348837209302334,0.38961038961038963,0.21250000000000002,0.0,0.0,0.6805555555555555,0.36363636363636365,7.0
0.4642857142857143,0.3604651162790698,0.33766233766233766,0.1875,0.0,0.0,0.763888888888889,0.42424242424242425,7.0
0.8809523809523809,0.8255813953488371,0.09090909090909088,0.3875,0.0,0.0,0.763888888888889,0.41414141414141414,3.0
0.5238095238095238,0.45348837209302334,0.4285714285714286,0.3625,0.0,0.0,0.6666666666666666,0.21212121212121213,6.0
0.40476190476190477,0.48837209302325585,0.36363636363636365,0.8,0.0,0.0,0.75,0.21212121212121213,6.0
0.5952380952380952,0.46511627906976755,0.33766233766233766,0.2375,0.0,0.0,0.75,0.46464646464646464,0.0
0.3928571428571429,0.45348837209302334,0.37662337662337664,0.4625,0.0,0.0,0.6944444444444444,0.21212121212121213,7.0
0.3571428571428571,0.18604651162790697,0.33766233766233766,0.35000000000000003,0.0,0.0,0.75,0.21212121212121213,0.0
0.3571428571428571,0.3372093023255814,0.35064935064935066,0.35000000000000003,0.0,0.0,0.6944444444444444,0.21212121212121213,0.0
0.45238095238095244,0.3023255813953489,0.1428571428571429,0.325,0.0,0.0,0.6944444444444444,0.21212121212121213,5.0
0.38095238095238093,0.3488372093023256,0.09090909090909088,0.22499999999999998,0.0,0.0,0.7083333333333334,0.21212121212121213,5.0
0.38095238095238093,0.3604651162790698,0.18181818181818182,0.15,0.0,0.0,0.6666666666666666,0.21212121212121213,5.0
0.36904761904761907,0.3488372093023256,0.1298701298701299,0.21250000000000002,0.0,0.0,0.75,0.26262626262626265,5.0
0.48809523809523814,0.4186046511627907,0.38961038961038963,0.125,0.0,0.0,0.6666666666666666,0.21212121212121213,8.0
0.5,0.48837209302325585,0.33766233766233766,0.5750000000000001,0.0,0.0,0.7222222222222222,0.21212121212121213,6.0
0.40476190476190477,0.46511627906976755,0.4025974025974026,0.775,0.0,0.0,0.7361111111111112,0.21212121212121213,6.0
0.47619047619047616,0.3372093023255814,0.5194805194805195,0.22499999999999998,0.0,0.0,0.7222222222222222,0.21212121212121213,0.0
0.5238095238095238,0.4069767441860465,0.35064935064935066,0.5750000000000001,0.0,0.0,0.7222222222222222,0.24242424242424243,6.0
0.4642857142857143,0.372093023255814,0.37662337662337664,0.2,0.0,0.0,0.7222222222222222,0.25252525252525254,0.0
0.2857142857142857,0.4069767441860465,0.3116883116883117,0.275,0.0,0.0,0.6944444444444444,0.27272727272727276,6.0
0.4285714285714286,0.5697674418604652,0.5584415584415585,0.5625,0.0,0.0,0.5138888888888888,0.10101010101010102,6.0
0.47619047619047616,0.23255813953488375,0.2597402597402597,0.22499999999999998,0.0,0.0,0.6666666666666666,0.24242424242424243,0.0
0.40476190476190477,0.27906976744186046,0.46753246753246747,0.22499999999999998,0.0,0.0,0.611111111111111,0.4444444444444445,7.0
0.38095238095238093,0.4302325581395349,0.48051948051948046,0.3125,0.0,0.0,0.763888888888889,0.21212121212121213,0.0
0.4285714285714286,0.5232558139534884,0.2597402597402597,0.1625,0.0,0.0,0.7777777777777778,0.29292929292929293,5.0
0.4642857142857143,0.372093023255814,0.24675324675324672,0.4,0.0,0.0,0.7777777777777778,0.5454545454545456,5.0
0.6785714285714286,0.4186046511627907,0.2597402597402597,0.3375,0.0,0.0,0.8472222222222222,0.21212121212121213,4.0
0.4642857142857143,0.3604651162790698,0.33766233766233766,0.375,0.0,0.0,0.6527777777777777,0.393939393939394,7.0
0.41666666666666674,0.313953488372093,0.35064935064935066,0.55,0.0,0.0,0.7361111111111112,0.21212121212121213,6.0
0.7023809523809523,0.6860465116279071,0.18181818181818182,0.4625,0.0,0.0,0.6666666666666666,0.30303030303030304,3.0
0.8333333333333334,0.7209302325581395,0.11688311688311692,0.4625,0.0,0.0,0.7083333333333334,0.21212121212121213,4.0
0.36904761904761907,0.12790697674418605,0.48051948051948046,0.17500000000000002,0.0,0.0,0.625,0.21212121212121213,0.0
0.6666666666666667,0.5697674418604652,0.1428571428571429,0.5125,0.0,0.0,0.8333333333333333,0.32323232323232326,3.0
0.511904761904762,0.4302325581395349,0.4025974025974026,0.65,0.0,0.0,0.6527777777777777,0.24242424242424243,6.0
0.5476190476190476,0.4069767441860465,0.3246753246753247,0.2,0.0,0.0,0.7083333333333334,0.21212121212121213,7.0
0.38095238095238093,0.2093023255813954,0.4285714285714286,0.3375,0.0,0.0,0.6527777777777777,0.26262626262626265,7.0
0.1904761904761905,0.48837209302325585,0.4285714285714286,0.22499999999999998,0.0,0.0,0.7222222222222222,0.21212121212121213,0.0
0.8928571428571428,0.9069767441860466,0.35064935064935066,0.4625,1.0,0.0,0.7361111111111112,0.31313131313131315,1.0
0.30952380952380953,0.47674418604651175,0.07792207792207789,0.4,0.0,0.0,0.7083333333333334,0.21212121212121213,5.0
0.44047619047619047,0.49999999999999994,0.37662337662337664,0.7625,0.0,0.0,0.7083333333333334,0.21212121212121213,6.0
0.47619047619047616,0.3372093023255814,0.3116883116883117,0.2375,0.0,0.0,0.7222222222222222,0.36363636363636365,0.0
0.3928571428571429,0.313953488372093,0.2727272727272727,0.1625,0.0,0.0,0.6805555555555555,0.41414141414141414,7.0
0.48809523809523814,0.558139534883721,0.4025974025974026,0.2375,0.0,0.0,0.6944444444444444,0.21212121212121213,6.0
0.41666666666666674,0.3023255813953489,0.19480519480519481,0.22499999999999998,0.0,0.0,0.6805555555555555,0.21212121212121213,5.0
0.41666666666666674,0.0,0.16883116883116883,0.2625,0.0,0.0,0.6944444444444444,0.24242424242424243,5.0
0.4642857142857143,0.3604651162790698,0.3246753246753247,0.21250000000000002,0.0,0.0,0.6944444444444444,0.25252525252525254,0.0
0.3928571428571429,0.45348837209302334,0.2597402597402597,0.21250000000000002,0.0,0.0,0.75,0.7474747474747475,7.0
0.33333333333333337,0.2674418604651163,0.1298701298701299,0.28750000000000003,0.0,0.0,0.7361111111111112,0.25252525252525254,5.0
0.33333333333333337,0.2674418604651163,0.4285714285714286,0.1875,0.0,0.0,0.6944444444444444,0.26262626262626265,0.0
0.4285714285714286,0.46511627906976755,0.4025974025974026,0.6,0.0,0.0,0.7361111111111112,0.25252525252525254,6.0
0.7261904761904762,0.5116279069767442,0.24675324675324672,0.35000000000000003,0.0,0.0,0.6666666666666666,0.21212121212121213,6.0
0.3571428571428571,0.313953488372093,0.36363636363636365,0.2375,0.0,0.0,0.7916666666666665,0.21212121212121213,6.0
0.08333333333333331,0.3953488372093023,0.2987012987012987,0.15,0.0,0.0,0.0,0.24242424242424243,7.0
0.47619047619047616,0.3837209302325581,0.23376623376623373,0.55,0.0,0.0,0.6944444444444444,0.21212121212121213,5.0
0.5,0.3953488372093023,0.2857142857142857,0.55,0.0,0.0,0.6805555555555555,0.26262626262626265,6.0
0.45238095238095244,0.3953488372093023,0.2987012987012987,0.7875,0.0,0.0,0.7222222222222222,0.21212121212121213,6.0
0.6785714285714286,0.627906976744186,0.33766233766233766,0.1875,0.0,0.0,0.7361111111111112,0.21212121212121213,2.0
0.4285714285714286,0.5348837209302326,0.15584415584415584,0.2625,0.0,0.0,0.7222222222222222,0.21212121212121213,5.0
0.5238095238095238,0.4069767441860465,0.2857142857142857,0.22499999999999998,0.0,0.0,0.6805555555555555,0.21212121212121213,7.0
0.34523809523809523,0.45348837209302334,0.49350649350649345,0.2625,0.0,0.0,0.6666666666666666,0.32323232323232326,7.0
0.5476190476190476,0.3488372093023256,0.24675324675324672,0.25,0.0,0.0,0.75,0.21212121212121213,0.0
0.34523809523809523,0.3837209302325581,0.3246753246753247,0.22499999999999998,0.0,0.0,0.6388888888888888,0.21212121212121213,0.0
0.38095238095238093,0.8023255813953489,0.4155844155844156,0.25,0.0,0.0,0.6527777777777777,0.393939393939394,7.0
0.5238095238095238,0.5930232558139537,0.35064935064935066,0.35000000000000003,0.0,0.0,0.763888888888889,0.21212121212121213,7.0
0.8214285714285715,0.7790697674418605,0.4155844155844156,0.4375,0.0,0.0,0.5833333333333333,0.21212121212121213,2.0
0.44047619047619047,0.3837209302325581,0.4025974025974026,0.6875,0.0,0.0,0.7083333333333334,0.6464646464646466,6.0
0.40476190476190477,0.6860465116279071,0.3116883116883117,0.8125,0.0,0.0,0.75,0.42424242424242425,6.0
0.36904761904761907,0.4186046511627907,0.38961038961038963,0.275,0.0,1.0,0.6944444444444444,0.21212121212121213,8.0
0.6547619047619048,0.6046511627906976,0.11688311688311692,0.675,0.0,0.0,0.7083333333333334,0.21212121212121213,4.0
0.6666666666666667,0.4302325581395349,0.4025974025974026,0.2625,0.0,0.0,0.5972222222222222,0.29292929292929293,6.0
0.5595238095238095,0.372093023255814,0.2987012987012987,0.42500000000000004,0.0,0.0,0.6944444444444444,0.42424242424242425,7.0
0.5714285714285714,0.49999999999999994,0.2597402597402597,0.325,0.0,0.0,0.7083333333333334,0.21212121212121213,6.0
0.33333333333333337,0.18604651162790697,0.4285714285714286,0.15,0.0,0.0,0.7361111111111112,0.37373737373737376,7.0
0.5833333333333334,0.558139534883721,0.4025974025974026,0.5,0.0,0.0,0.6944444444444444,0.21212121212121213,6.0
0.29761904761904756,0.3023255813953489,0.38961038961038963,0.6,0.0,0.0,0.6666666666666666,0.21212121212121213,6.0
0.5476190476190476,0.3023255813953489,0.5064935064935064,0.375,0.0,0.0,0.6666666666666666,0.10101010101010102,6.0
0.48809523809523814,0.4186046511627907,0.46753246753246747,0.3875,0.0,0.0,0.6944444444444444,0.21212121212121213,6.0
0.4642857142857143,0.372093023255814,0.5324675324675325,0.44999999999999996,0.0,0.0,0.6805555555555555,0.21212121212121213,6.0
0.5833333333333334,0.49999999999999994,0.5324675324675325,0.65,0.0,0.0,0.6527777777777777,0.27272727272727276,6.0
0.3928571428571429,0.3488372093023256,0.5714285714285715,0.4375,0.0,0.0,0.6666666666666666,0.25252525252525254,6.0
0.5476190476190476,0.5465116279069768,0.4155844155844156,0.3375,0.0,0.0,0.611111111111111,0.20202020202020202,6.0
0.6309523809523809,0.5813953488372094,0.4285714285714286,0.2625,0.0,0.0,0.6944444444444444,0.21212121212121213,6.0
0.5,0.44186046511627913,0.49350649350649345,0.4375,0.0,0.0,0.6944444444444444,0.21212121212121213,6.0
0.38095238095238093,0.2093023255813954,0.35064935064935066,0.3625,0.0,0.0,0.6944444444444444,0.21212121212121213,6.0
0.24999999999999997,0.3604651162790698,0.2727272727272727,0.25,0.0,0.0,0.763888888888889,0.32323232323232326,7.0
0.47619047619047616,0.48837209302325585,0.5064935064935064,0.3,0.0,0.0,0.7222222222222222,0.5050505050505052,7.0
0.41666666666666674,0.3488372093023256,0.38961038961038963,0.3875,0.0,0.0,0.6666666666666666,0.21212121212121213,6.0
0.5595238095238095,0.49999999999999994,0.4025974025974026,0.8624999999999999,0.0,0.0,0.75,0.21212121212121213,6.0
0.5238095238095238,0.45348837209302334,0.4025974025974026,0.5,0.0,0.0,0.6666666666666666,0.21212121212121213,6.0
0.3928571428571429,0.45348837209302334,0.38961038961038963,0.4625,0.0,0.0,0.7083333333333334,0.21212121212121213,6.0
0.41666666666666674,0.372093023255814,0.4285714285714286,0.15,0.0,0.0,0.763888888888889,0.21212121212121213,6.0
0.4285714285714286,0.372093023255814,0.4155844155844156,0.35000000000000003,0.0,0.0,0.611111111111111,0.4545454545454546,7.0
0.3571428571428571,0.5232558139534884,0.2987012987012987,0.2375,0.0,0.0,0.49999999999999994,0.21212121212121213,2.0
0.8333333333333334,0.7558139534883721,0.11688311688311692,0.4625,0.0,0.0,0.5694444444444444,0.21212121212121213,3.0
0.3928571428571429,0.313953488372093,0.07792207792207789,0.2625,0.0,0.0,0.6805555555555555,0.21212121212121213,5.0
0.36904761904761907,0.16279069767441862,0.4415584415584415,0.22499999999999998,0.0,0.0,0.5833333333333333,0.21212121212121213,7.0
0.29761904761904756,0.29069767441860467,0.4155844155844156,0.325,0.0,0.0,0.6805555555555555,0.21212121212121213,7.0
0.4285714285714286,0.5232558139534884,0.18181818181818182,0.3875,0.0,0.0,0.7083333333333334,0.35353535353535354,7.0
0.0,0.313953488372093,0.5714285714285715,0.1625,0.0,0.0,0.625,0.2828282828282828,7.0
0.4285714285714286,0.4186046511627907,0.4155844155844156,0.2375,0.0,0.0,0.861111111111111,0.21212121212121213,0.0
0.29761904761904756,0.18604651162790697,0.35064935064935066,0.2375,0.0,0.0,0.763888888888889,0.29292929292929293,7.0
0.2857142857142857,0.3488372093023256,0.4025974025974026,0.325,0.0,0.0,0.7222222222222222,0.25252525252525254,7.0
0.40476190476190477,0.08139534883720931,0.33766233766233766,0.3,0.0,0.0,0.6388888888888888,0.30303030303030304,7.0
0.2261904761904762,0.47674418604651175,0.4545454545454545,0.2,0.0,0.0,0.8472222222222222,0.27272727272727276,7.0
0.47619047619047616,0.23255813953488375,0.33766233766233766,0.2,0.0,0.0,0.7361111111111112,0.20202020202020202,7.0
0.40476190476190477,0.313953488372093,0.4545454545454545,0.6,0.0,0.0,0.7361111111111112,0.6363636363636365,7.0
0.9404761904761905,0.46511627906976755,0.46753246753246747,0.25,0.0,0.0,0.6666666666666666,0.21212121212121213,7.0
0.9166666666666667,0.5232558139534884,0.4025974025974026,0.48750000000000004,0.0,0.0,0.5694444444444444,0.29292929292929293,7.0
0.6904761904761905,0.558139534883721,0.33766233766233766,0.0,1.0,0.0,0.6527777777777777,0.21212121212121213,7.0
0.8571428571428571,0.49999999999999994,0.24675324675324672,0.7124999999999999,0.0,0.0,0.6944444444444444,0.31313131313131315,4.0
0.38095238095238093,0.27906976744186046,0.19480519480519481,0.15,0.0,0.0,0.6944444444444444,0.21212121212121213,4.0
0.7976190476190477,0.5930232558139537,0.22077922077922085,0.2,0.0,0.0,0.875,0.21212121212121213,6.0
0.44047619047619047,0.4069767441860465,0.2857142857142857,0.28750000000000003,0.0,0.0,0.7083333333333334,0.21212121212121213,5.0
0.33333333333333337,0.32558139534883723,0.33766233766233766,0.125,0.0,0.0,0.6805555555555555,0.6464646464646466,7.0
0.33333333333333337,0.16279069767441862,0.4025974025974026,0.17500000000000002,0.0,0.0,0.8194444444444444,0.21212121212121213,6.0
0.7738095238095238,0.6162790697674418,0.18181818181818182,0.275,0.0,0.0,0.75,0.21212121212121213,4.0
0.45238095238095244,0.15116279069767447,0.4415584415584415,0.22499999999999998,0.0,1.0,0.75,0.21212121212121213,8.0
0.4642857142857143,0.4186046511627907,0.4025974025974026,0.2,0.0,0.0,0.6805555555555555,0.21212121212121213,8.0
0.4285714285714286,0.3372093023255814,0.46753246753246747,0.3375,0.0,0.0,0.763888888888889,0.21212121212121213,8.0
0.5,0.4302325581395349,0.16883116883116883,0.1625,0.0,0.0,0.7222222222222222,0.21212121212121213,5.0
0.5833333333333334,0.46511627906976755,0.4025974025974026,0.6625000000000001,0.0,0.0,0.7222222222222222,0.26262626262626265,6.0
0.26190476190476186,0.27906976744186046,0.2857142857142857,0.2375,0.0,0.0,0.75,0.36363636363636365,7.0
0.3571428571428571,0.3953488372093023,0.19480519480519481,0.1625,0.0,0.0,0.7083333333333334,0.3434343434343434,5.0
0.40476190476190477,0.5116279069767442,0.46753246753246747,0.55,0.0,0.0,0.7777777777777778,0.21212121212121213,6.0
0.75,0.872093023255814,0.11688311688311692,0.3,0.0,0.0,0.75,0.31313131313131315,3.0
0.47619047619047616,0.372093023255814,0.33766233766233766,0.2625,0.0,0.0,0.763888888888889,0.21212121212121213,9.0
0.41666666666666674,0.4069767441860465,0.2857142857142857,0.35000000000000003,0.0,0.0,0.763888888888889,0.21212121212121213,9.0
0.4642857142857143,0.2093023255813954,0.33766233766233766,0.6125,0.0,0.0,0.6666666666666666,0.31313131313131315,6.0
0.7619047619047619,0.5348837209302326,0.2597402597402597,0.4375,0.0,0.0,0.625,0.26262626262626265,6.0
0.5476190476190476,0.4069767441860465,0.35064935064935066,0.25,0.0,0.0,0.7083333333333334,0.27272727272727276,0.0
0.6071428571428572,0.3372093023255814,0.33766233766233766,0.3625,0.0,0.0,0.6944444444444444,0.26262626262626265,0.0
0.40476190476190477,0.313953488372093,0.33766233766233766,0.17500000000000002,1.0,0.0,0.7361111111111112,0.29292929292929293,0.0
0.44047619047619047,0.32558139534883723,0.3246753246753247,0.2375,0.0,0.0,0.8055555555555555,0.21212121212121213,0.0
0.38095238095238093,0.3604651162790698,0.38961038961038963,0.2375,0.0,0.0,0.7777777777777778,0.21212121212121213,0.0
0.44047619047619047,0.372093023255814,0.4545454545454545,0.325,0.0,0.0,0.611111111111111,0.21212121212121213,7.0
0.5,0.46511627906976755,0.2597402597402597,0.22499999999999998,0.0,0.0,0.7361111111111112,0.30303030303030304,7.0
0.3214285714285714,0.3604651162790698,0.18181818181818182,0.2375,0.0,0.0,0.7222222222222222,0.29292929292929293,5.0
0.5714285714285714,0.5465116279069768,0.36363636363636365,0.775,0.0,0.0,0.7083333333333334,0.37373737373737376,6.0
0.4285714285714286,0.46511627906976755,0.38961038961038963,0.9625,0.0,0.0,0.7222222222222222,0.35353535353535354,6.0
0.7857142857142857,0.6860465116279071,0.36363636363636365,0.3375,0.0,0.0,0.47222222222222227,0.21212121212121213,2.0
0.1904761904761905,0.48837209302325585,0.09090909090909088,0.17500000000000002,0.0,0.0,0.7222222222222222,0.38383838383838387,5.0
1.0,0.6627906976744187,0.051948051948051965,0.48750000000000004,0.0,0.0,0.4305555555555555,0.21212121212121213,4.0
0.3928571428571429,0.3372093023255814,0.1428571428571429,0.2625,0.0,0.0,0.763888888888889,0.393939393939394,5.0
0.3214285714285714,0.3953488372093023,0.36363636363636365,0.1625,0.0,0.0,0.6944444444444444,0.31313131313131315,7.0
0.29761904761904756,0.29069767441860467,0.4025974025974026,0.2,0.0,0.0,0.6944444444444444,0.27272727272727276,7.0
0.511904761904762,0.45348837209302334,0.3246753246753247,0.17500000000000002,0.0,0.0,0.6805555555555555,0.32323232323232326,7.0
0.45238095238095244,0.6627906976744187,0.4025974025974026,0.1625,0.0,0.0,0.8055555555555555,0.21212121212121213,7.0
0.5357142857142858,0.4186046511627907,0.4285714285714286,0.325,0.0,0.0,0.7361111111111112,0.26262626262626265,7.0
0.3571428571428571,0.45348837209302334,0.23376623376623373,0.1875,0.0,0.0,0.75,0.24242424242424243,7.0
0.41666666666666674,0.2674418604651163,0.3246753246753247,0.44999999999999996,0.0,0.0,0.6666666666666666,0.21212121212121213,8.0
0.40476190476190477,0.3837209302325581,0.38961038961038963,0.1875,0.0,0.0,0.7222222222222222,0.26262626262626265,0.0
0.7619047619047619,0.6395348837209303,0.3246753246753247,0.1625,0.0,0.0,0.7916666666666665,0.393939393939394,9.0
0.6190476190476191,0.47674418604651175,0.38961038961038963,0.6375,0.0,0.0,0.763888888888889,0.21212121212121213,9.0
0.5238095238095238,0.5697674418604652,0.4025974025974026,0.2,0.0,0.0,0.625,0.26262626262626265,0.0
0.5,0.5232558139534884,0.3246753246753247,0.17500000000000002,0.0,0.0,0.7083333333333334,0.21212121212121213,0.0
0.7857142857142857,0.49999999999999994,0.2857142857142857,0.21250000000000002,0.0,0.0,0.7361111111111112,0.21212121212121213,0.0
0.6071428571428572,0.313953488372093,0.37662337662337664,0.21250000000000002,0.0,0.0,0.6666666666666666,0.21212121212121213,7.0
0.47619047619047616,0.4302325581395349,0.4285714285714286,0.35000000000000003,0.0,0.0,0.75,0.26262626262626265,0.0
0.5714285714285714,0.372093023255814,0.3246753246753247,0.5750000000000001,0.0,0.0,0.6805555555555555,0.21212121212121213,0.0
0.30952380952380953,0.3488372093023256,0.36363636363636365,0.7000000000000001,0.0,0.0,0.6944444444444444,0.37373737373737376,7.0
0.2857142857142857,0.3837209302325581,0.38961038961038963,0.2375,0.0,0.0,0.6666666666666666,0.21212121212121213,0.0
0.21428571428571427,0.3023255813953489,0.23376623376623373,0.6,0.0,0.0,0.7361111111111112,0.29292929292929293,7.0
0.5595238095238095,0.45348837209302334,0.1298701298701299,0.325,0.0,0.0,0.7083333333333334,0.21212121212121213,5.0
0.38095238095238093,0.372093023255814,0.35064935064935066,0.2625,0.0,0.0,0.6805555555555555,0.33333333333333337,0.0
0.5952380952380952,0.47674418604651175,0.36363636363636365,0.325,0.0,0.0,0.7222222222222222,0.21212121212121213,0.0
0.6309523809523809,0.45348837209302334,0.46753246753246747,0.17500000000000002,0.0,0.0,0.7361111111111112,0.21212121212121213,6.0
0.47619047619047616,0.47674418604651175,0.4285714285714286,0.22499999999999998,0.0,0.0,0.6944444444444444,0.37373737373737376,7.0
0.38095238095238093,0.3953488372093023,0.38961038961038963,0.22499999999999998,0.0,0.0,0.6388888888888888,0.21212121212121213,7.0
0.38095238095238093,0.313953488372093,0.36363636363636365,0.42500000000000004,0.0,0.0,0.6805555555555555,0.27272727272727276,7.0
0.6309523809523809,0.4186046511627907,0.38961038961038963,0.125,0.0,0.0,0.7083333333333334,0.21212121212121213,7.0
0.5714285714285714,0.3837209302325581,0.36363636363636365,0.6625000000000001,0.0,0.0,0.7361111111111112,0.25252525252525254,0.0
0.511904761904762,0.45348837209302334,0.38961038961038963,0.21250000000000002,0.0,0.0,0.7083333333333334,0.38383838383838387,7.0
0.5595238095238095,0.19767441860465118,0.48051948051948046,0.15,0.0,0.0,0.6527777777777777,0.32323232323232326,7.0
0.45238095238095244,0.6162790697674418,0.35064935064935066,0.35000000000000003,0.0,0.0,0.5972222222222222,0.21212121212121213,7.0
0.5476190476190476,0.47674418604651175,0.37662337662337664,0.2,0.0,0.0,0.6805555555555555,0.38383838383838387,7.0
0.24999999999999997,0.4069767441860465,0.38961038961038963,0.35000000000000003,0.0,0.0,0.6944444444444444,0.494949494949495,7.0
0.41666666666666674,0.313953488372093,0.4545454545454545,0.125,0.0,0.0,0.6666666666666666,0.21212121212121213,7.0
0.5476190476190476,0.4302325581395349,0.4545454545454545,0.275,0.0,0.0,0.7083333333333334,0.21212121212121213,7.0
0.27380952380952384,0.5116279069767442,0.35064935064935066,0.325,0.0,0.0,0.7083333333333334,0.21212121212121213,7.0
0.34523809523809523,0.6046511627906976,0.1428571428571429,0.2625,0.0,0.0,0.7222222222222222,0.25252525252525254,7.0
0.2857142857142857,0.3023255813953489,0.2727272727272727,0.3125,0.0,0.0,0.7361111111111112,0.5656565656565656,7.0
0.5357142857142858,0.4302325581395349,0.11688311688311692,0.6125,0.0,0.0,0.6666666666666666,0.21212121212121213,7.0
0.30952380952380953,0.5116279069767442,0.35064935064935066,0.275,0.0,0.0,0.6527777777777777,0.21212121212121213,7.0
0.4285714285714286,0.3604651162790698,0.36363636363636365,0.41250000000000003,0.0,0.0,0.6388888888888888,0.25252525252525254,7.0
0.3214285714285714,0.3023255813953489,0.46753246753246747,0.3125,0.0,0.0,0.611111111111111,0.21212121212121213,0.0
0.5952380952380952,0.27906976744186046,0.4415584415584415,0.44999999999999996,0.0,0.0,0.611111111111111,0.20202020202020202,0.0
0.5952380952380952,0.27906976744186046,0.4415584415584415,0.44999999999999996,0.0,0.0,0.611111111111111,0.20202020202020202,0.0
0.38095238095238093,0.22093023255813954,0.4025974025974026,0.4625,0.0,0.0,0.5277777777777778,0.15151515151515152,0.0
0.47619047619047616,0.29069767441860467,0.4545454545454545,0.2375,0.0,0.0,0.6527777777777777,0.21212121212121213,0.0
0.5476190476190476,0.4069767441860465,0.49350649350649345,0.325,0.0,0.0,0.7222222222222222,0.21212121212121213,7.0
0.511904761904762,0.49999999999999994,0.4155844155844156,0.22499999999999998,0.0,0.0,0.6944444444444444,0.21212121212121213,7.0
0.34523809523809523,0.18604651162790697,0.4415584415584415,0.1625,0.0,0.0,0.6388888888888888,0.21212121212121213,7.0
0.3928571428571429,0.4186046511627907,0.4155844155844156,0.3,0.0,0.0,0.6666666666666666,0.21212121212121213,7.0
0.27380952380952384,0.3837209302325581,0.3246753246753247,0.4,0.0,0.0,0.5833333333333333,0.21212121212121213,7.0
0.5476190476190476,0.32558139534883723,0.5194805194805195,0.275,0.0,0.0,0.9444444444444445,0.31313131313131315,7.0
0.30952380952380953,0.3604651162790698,0.38961038961038963,0.17500000000000002,0.0,0.0,0.6805555555555555,0.21212121212121213,7.0
0.29761904761904756,0.4069767441860465,0.4155844155844156,0.2625,0.0,0.0,0.763888888888889,0.32323232323232326,7.0
0.41666666666666674,0.2441860465116279,0.5974025974025974,0.22499999999999998,0.0,0.0,0.41666666666666663,0.24242424242424243,0.0
0.41666666666666674,0.2441860465116279,0.5974025974025974,0.22499999999999998,0.0,0.0,0.41666666666666663,0.24242424242424243,0.0
0.5714285714285714,0.4302325581395349,0.3246753246753247,0.15,0.0,0.0,0.75,0.30303030303030304,0.0
0.3928571428571429,0.48837209302325585,0.37662337662337664,0.22499999999999998,0.0,0.0,0.6944444444444444,0.10101010101010102,0.0
0.7261904761904762,0.2674418604651163,0.5194805194805195,0.475,0.0,0.0,0.5555555555555556,0.13131313131313133,0.0
0.3928571428571429,0.2558139534883721,0.5324675324675325,0.5625,0.0,0.0,0.7361111111111112,0.10101010101010102,0.0
0.5595238095238095,0.3604651162790698,0.4155844155844156,0.3375,0.0,0.0,0.6666666666666666,0.10101010101010102,0.0
0.6190476190476191,0.5813953488372094,0.2857142857142857,0.325,0.0,0.0,0.5972222222222222,0.21212121212121213,0.0
0.38095238095238093,0.22093023255813954,0.5714285714285715,0.15,0.0,0.0,0.5972222222222222,0.22222222222222224,0.0
0.3214285714285714,0.3372093023255814,0.38961038961038963,0.275,0.0,0.0,0.6666666666666666,0.10101010101010102,0.0
0.34523809523809523,0.3604651162790698,0.49350649350649345,0.3625,0.0,0.0,0.611111111111111,0.21212121212121213,0.0
0.2857142857142857,0.29069767441860467,0.4285714285714286,0.25,0.0,0.0,0.6805555555555555,0.40404040404040403,0.0
0.44047619047619047,0.47674418604651175,0.3246753246753247,0.125,0.0,0.0,0.763888888888889,0.21212121212121213,0.0
0.7380952380952381,0.5348837209302326,0.3116883116883117,0.25,0.0,0.0,0.9999999999999999,0.21212121212121213,0.0
0.5357142857142858,0.5465116279069768,0.37662337662337664,0.2375,0.0,0.0,0.7222222222222222,0.31313131313131315,7.0
0.24999999999999997,0.3488372093023256,0.4025974025974026,0.2625,0.0,0.0,0.5555555555555556,0.18181818181818182,0.0
0.41666666666666674,0.29069767441860467,0.4025974025974026,0.275,0.0,0.0,0.6666666666666666,0.24242424242424243,0.0
0.41666666666666674,0.29069767441860467,0.4025974025974026,0.275,0.0,0.0,0.6666666666666666,0.24242424242424243,0.0
0.4642857142857143,0.4186046511627907,0.5064935064935064,0.28750000000000003,0.0,0.0,0.48611111111111105,0.10101010101010102,0.0
0.5,0.49999999999999994,0.48051948051948046,0.44999999999999996,0.0,0.0,0.6944444444444444,0.21212121212121213,0.0
0.36904761904761907,0.27906976744186046,0.37662337662337664,0.3625,0.0,0.0,0.5833333333333333,0.21212121212121213,7.0
0.45238095238095244,0.3023255813953489,0.4545454545454545,0.28750000000000003,0.0,0.0,0.6527777777777777,0.26262626262626265,0.0
0.5476190476190476,0.4186046511627907,0.22077922077922085,0.1,0.0,0.0,0.6527777777777777,0.21212121212121213,5.0
0.47619047619047616,0.3023255813953489,0.35064935064935066,0.35000000000000003,0.0,0.0,0.6666666666666666,0.26262626262626265,0.0
0.33333333333333337,1.0,0.19480519480519481,0.5125,0.0,0.0,0.6944444444444444,0.26262626262626265,6.0
0.33333333333333337,0.372093023255814,0.1298701298701299,0.22499999999999998,0.0,0.0,0.7361111111111112,0.21212121212121213,5.0
0.5357142857142858,0.5930232558139537,0.33766233766233766,0.7000000000000001,0.0,0.0,0.6805555555555555,0.21212121212121213,6.0
0.4285714285714286,0.5116279069767442,0.3116883116883117,0.65,0.0,0.0,0.75,0.21212121212121213,6.0
0.5833333333333334,0.4302325581395349,0.33766233766233766,0.22499999999999998,0.0,0.0,0.7361111111111112,0.37373737373737376,0.0
0.5238095238095238,0.44186046511627913,0.2727272727272727,0.25,0.0,0.0,0.7777777777777778,0.21212121212121213,4.0
0.41666666666666674,0.3488372093023256,0.4545454545454545,0.21250000000000002,0.0,0.0,0.763888888888889,0.21212121212121213,0.0
0.27380952380952384,0.372093023255814,0.37662337662337664,0.2375,0.0,0.0,0.7361111111111112,0.25252525252525254,0.0
0.41666666666666674,0.3837209302325581,0.2727272727272727,0.22499999999999998,1.0,0.0,0.6388888888888888,0.21212121212121213,4.0
0.3928571428571429,0.6627906976744187,0.35064935064935066,0.2625,0.0,0.0,0.75,0.26262626262626265,0.0
0.511904761904762,0.4302325581395349,0.4285714285714286,0.1875,0.0,0.0,0.75,0.30303030303030304,0.0
0.6428571428571429,0.6046511627906976,0.18181818181818182,0.15,0.0,0.0,0.7222222222222222,0.26262626262626265,5.0
0.44047619047619047,0.4302325581395349,0.35064935064935066,0.3,0.0,0.0,0.75,0.37373737373737376,0.0
0.4285714285714286,0.44186046511627913,0.4025974025974026,0.3125,0.0,0.0,0.75,0.2828282828282828,6.0
0.48809523809523814,0.47674418604651175,0.20779220779220786,0.11249999999999999,1.0,0.0,0.763888888888889,0.24242424242424243,5.0
0.7023809523809523,0.7441860465116279,0.38961038961038963,0.3,0.0,0.0,0.6666666666666666,0.21212121212121213,9.0
0.4285714285714286,0.48837209302325585,0.38961038961038963,0.55,0.0,0.0,0.7361111111111112,0.21212121212121213,6.0
0.5,0.4069767441860465,0.3116883116883117,0.2625,0.0,0.0,0.7361111111111112,0.21212121212121213,0.0
0.36904761904761907,0.3372093023255814,0.5714285714285715,0.875,0.0,0.0,0.5833333333333333,0.24242424242424243,0.0
0.36904761904761907,0.32558139534883723,0.4155844155844156,0.3875,0.0,0.0,0.5972222222222222,0.21212121212121213,7.0
0.5357142857142858,0.47674418604651175,0.4415584415584415,0.1875,0.0,0.0,0.75,0.24242424242424243,0.0
0.30952380952380953,0.3837209302325581,0.33766233766233766,0.15,0.0,0.0,0.6527777777777777,0.30303030303030304,7.0
0.3214285714285714,0.32558139534883723,0.10389610389610388,0.4375,0.0,0.0,0.7222222222222222,0.21212121212121213,5.0
0.41666666666666674,0.48837209302325585,0.4285714285714286,0.3125,0.0,0.0,0.5972222222222222,0.21212121212121213,7.0
0.30952380952380953,0.47674418604651175,0.37662337662337664,0.1625,0.0,0.0,0.5833333333333333,0.7979797979797981,0.0
0.4285714285714286,0.48837209302325585,0.36363636363636365,0.25,0.0,0.0,0.7222222222222222,0.5858585858585859,7.0
0.34523809523809523,0.7093023255813953,0.2727272727272727,0.15,0.0,0.0,0.6805555555555555,0.21212121212121213,7.0
0.5476190476190476,0.4302325581395349,0.1428571428571429,0.1625,0.0,0.0,0.7361111111111112,0.26262626262626265,6.0
0.511904761904762,0.4186046511627907,0.36363636363636365,0.325,0.0,0.0,0.7222222222222222,0.21212121212121213,0.0
0.5833333333333334,0.5813953488372094,0.4285714285714286,0.44999999999999996,0.0,0.0,0.6388888888888888,0.26262626262626265,0.0
0.6547619047619048,0.3372093023255814,0.4415584415584415,0.75,0.0,0.0,0.2638888888888889,0.32323232323232326,7.0
0.47619047619047616,0.4186046511627907,0.4025974025974026,0.1375,0.0,0.0,0.8333333333333333,0.21212121212121213,7.0
0.511904761904762,0.5348837209302326,0.4415584415584415,0.21250000000000002,0.0,0.0,0.611111111111111,0.21212121212121213,7.0
0.29761904761904756,0.2093023255813954,0.4155844155844156,0.3375,0.0,0.0,0.6527777777777777,0.42424242424242425,7.0
0.41666666666666674,0.313953488372093,0.2857142857142857,0.28750000000000003,0.0,0.0,0.6666666666666666,0.21212121212121213,7.0
0.34523809523809523,0.29069767441860467,0.48051948051948046,0.28750000000000003,0.0,0.0,0.7222222222222222,0.30303030303030304,7.0
0.5476190476190476,0.47674418604651175,0.36363636363636365,0.22499999999999998,0.0,0.0,0.7083333333333334,0.42424242424242425,7.0
0.7857142857142857,0.6860465116279071,0.33766233766233766,0.5750000000000001,0.0,0.0,0.5277777777777778,0.21212121212121213,2.0
0.1904761904761905,0.372093023255814,0.37662337662337664,0.21250000000000002,0.0,0.0,0.6805555555555555,0.43434343434343436,7.0
0.48809523809523814,0.3604651162790698,0.2857142857142857,0.1625,0.0,0.0,0.6666666666666666,0.21212121212121213,7.0
0.45238095238095244,0.5348837209302326,0.24675324675324672,0.22499999999999998,0.0,0.0,0.8055555555555555,0.27272727272727276,7.0
0.5833333333333334,0.558139534883721,0.4025974025974026,0.1375,0.0,0.0,0.7083333333333334,0.21212121212121213,7.0
0.2380952380952381,0.4186046511627907,0.4025974025974026,0.4,0.0,0.0,0.7361111111111112,0.30303030303030304,7.0
0.5238095238095238,0.372093023255814,0.3116883116883117,0.1875,0.0,0.0,0.6527777777777777,0.21212121212121213,5.0
0.6071428571428572,0.22093023255813954,0.33766233766233766,0.3,0.0,0.0,0.7083333333333334,0.41414141414141414,0.0
0.5,0.3953488372093023,0.36363636363636365,0.22499999999999998,0.0,0.0,0.7222222222222222,0.26262626262626265,0.0
0.47619047619047616,0.3953488372093023,0.36363636363636365,0.325,0.0,0.0,0.7083333333333334,0.26262626262626265,0.0
0.5833333333333334,0.372093023255814,0.36363636363636365,0.125,0.0,0.0,0.6666666666666666,0.30303030303030304,0.0
0.8571428571428571,0.7790697674418605,0.2857142857142857,0.475,0.0,0.0,0.5555555555555556,0.25252525252525254,2.0
0.3214285714285714,0.4302325581395349,0.4285714285714286,0.2625,0.0,0.0,0.6666666666666666,0.30303030303030304,7.0
0.24999999999999997,0.2558139534883721,0.06493506493506496,0.475,0.0,0.0,0.6944444444444444,0.393939393939394,5.0
0.2261904761904762,0.3604651162790698,0.4155844155844156,0.2375,0.0,0.0,0.7361111111111112,0.393939393939394,0.0
0.3928571428571429,0.3023255813953489,0.38961038961038963,0.2375,0.0,0.0,0.6666666666666666,0.26262626262626265,0.0
0.40476190476190477,0.49999999999999994,0.37662337662337664,0.2625,0.0,0.0,0.75,0.37373737373737376,7.0
0.6547619047619048,0.5930232558139537,0.38961038961038963,0.21250000000000002,0.0,0.0,0.6527777777777777,0.6565656565656567,7.0
0.26190476190476186,0.2674418604651163,0.33766233766233766,0.275,0.0,0.0,0.763888888888889,0.21212121212121213,0.0
0.75,0.7906976744186047,0.2987012987012987,0.3,0.0,0.0,0.6666666666666666,0.21212121212121213,2.0
0.33333333333333337,0.29069767441860467,0.5454545454545455,0.2,0.0,0.0,0.625,0.21212121212121213,0.0
0.38095238095238093,0.16279069767441862,0.23376623376623373,0.4,0.0,0.0,0.7222222222222222,0.21212121212121213,5.0
0.5952380952380952,0.46511627906976755,0.4025974025974026,0.475,0.0,0.0,0.75,0.2828282828282828,6.0
0.5238095238095238,0.27906976744186046,0.37662337662337664,0.2,0.0,0.0,0.6805555555555555,0.6363636363636365,7.0
0.3571428571428571,0.48837209302325585,0.38961038961038963,0.2,0.0,0.0,0.763888888888889,0.25252525252525254,7.0
0.6190476190476191,0.5813953488372094,0.33766233766233766,0.25,0.0,0.0,0.7222222222222222,0.24242424242424243,0.0
0.2380952380952381,0.3023255813953489,0.10389610389610388,0.21250000000000002,0.0,0.0,0.7222222222222222,0.21212121212121213,5.0
0.33333333333333337,0.3837209302325581,0.33766233766233766,0.25,0.0,0.0,0.7361111111111112,0.25252525252525254,0.0
0.5952380952380952,0.44186046511627913,0.35064935064935066,0.55,0.0,0.0,0.7361111111111112,0.21212121212121213,0.0
0.40476190476190477,0.3023255813953489,0.4285714285714286,0.1875,0.0,0.0,0.7222222222222222,0.21212121212121213,7.0
0.48809523809523814,0.3604651162790698,0.38961038961038963,0.42500000000000004,0.0,0.0,0.7222222222222222,0.43434343434343436,0.0
0.6190476190476191,0.5116279069767442,0.4415584415584415,0.125,0.0,0.0,0.7222222222222222,0.32323232323232326,7.0
0.26190476190476186,0.034883720930232565,0.37662337662337664,0.1625,0.0,0.0,0.7083333333333334,0.7474747474747475,7.0
0.36904761904761907,0.4186046511627907,0.46753246753246747,0.21250000000000002,0.0,0.0,0.7083333333333334,0.21212121212121213,0.0
0.24999999999999997,0.2093023255813954,0.37662337662337664,0.22499999999999998,0.0,0.0,0.6666666666666666,0.33333333333333337,0.0
0.2023809523809524,0.15116279069767447,0.35064935064935066,0.17500000000000002,0.0,0.0,0.6944444444444444,0.27272727272727276,0.0
0.3571428571428571,0.372093023255814,0.4415584415584415,0.3125,0.0,0.0,0.7916666666666665,0.37373737373737376,0.0
0.3928571428571429,0.46511627906976755,0.36363636363636365,0.2,0.0,0.0,0.8055555555555555,0.21212121212121213,0.0
0.7857142857142857,0.6511627906976745,0.2727272727272727,0.3625,0.0,0.0,0.7777777777777778,0.21212121212121213,3.0
0.8214285714285715,0.8023255813953489,0.2597402597402597,0.3,0.0,0.0,0.75,0.21212121212121213,3.0
0.5595238095238095,0.47674418604651175,0.36363636363636365,0.1625,0.0,0.0,0.7222222222222222,0.21212121212121213,0.0
0.5238095238095238,0.6395348837209303,0.36363636363636365,0.15,0.0,0.0,0.7083333333333334,0.21212121212121213,0.0
0.5476190476190476,0.17441860465116277,0.5194805194805195,0.275,0.0,0.0,0.6805555555555555,0.26262626262626265,7.0
0.36904761904761907,0.3604651162790698,0.6753246753246753,0.2625,0.0,0.0,0.6666666666666666,0.21212121212121213,0.0
0.34523809523809523,0.3488372093023256,0.35064935064935066,0.1625,0.0,0.0,0.7222222222222222,0.38383838383838387,0.0
0.44047619047619047,0.3488372093023256,0.36363636363636365,0.3,0.0,0.0,0.6805555555555555,0.21212121212121213,0.0
0.5,0.32558139534883723,0.38961038961038963,0.2375,0.0,0.0,0.6527777777777777,0.21212121212121213,0.0
0.5714285714285714,0.372093023255814,0.4155844155844156,0.21250000000000002,0.0,0.0,0.7222222222222222,0.24242424242424243,0.0
0.5952380952380952,0.6860465116279071,0.35064935064935066,0.725,0.0,0.0,0.6944444444444444,0.21212121212121213,6.0
0.4642857142857143,0.3372093023255814,0.4285714285714286,0.21250000000000002,0.0,0.0,0.48611111111111105,0.21212121212121213,7.0
0.5714285714285714,0.6511627906976745,0.2987012987012987,0.2375,0.0,0.0,0.75,0.43434343434343436,0.0
0.09523809523809523,0.313953488372093,0.4155844155844156,0.1625,0.0,0.0,0.7222222222222222,0.24242424242424243,0.0
0.1904761904761905,0.3372093023255814,0.35064935064935066,0.1625,0.0,0.0,0.75,0.30303030303030304,0.0
0.27380952380952384,0.32558139534883723,0.3246753246753247,0.2375,0.0,0.0,0.6388888888888888,0.30303030303030304,7.0
0.5833333333333334,0.49999999999999994,0.5194805194805195,0.275,0.0,0.0,0.6944444444444444,0.48484848484848486,7.0
0.5,0.3488372093023256,0.4025974025974026,0.65,0.0,0.0,0.6805555555555555,0.37373737373737376,7.0
0.5357142857142858,0.4069767441860465,0.3116883116883117,0.1625,0.0,0.0,0.7222222222222222,0.21212121212121213,7.0
0.4285714285714286,0.5232558139534884,0.4285714285714286,0.11249999999999999,0.0,0.0,0.6944444444444444,0.21212121212121213,0.0
0.34523809523809523,0.16279069767441862,0.4545454545454545,0.55,0.0,0.0,0.5694444444444444,0.21212121212121213,0.0
0.511904761904762,0.2441860465116279,0.4155844155844156,0.2375,0.0,0.0,0.41666666666666663,0.21212121212121213,0.0
0.7380952380952381,0.5232558139534884,0.15584415584415584,0.1875,0.0,0.0,0.75,0.21212121212121213,9.0
0.6309523809523809,0.5465116279069768,0.4285714285714286,0.1875,0.0,0.0,0.75,0.21212121212121213,9.0
0.44047619047619047,0.4069767441860465,0.33766233766233766,0.325,0.0,0.0,0.5416666666666666,0.26262626262626265,9.0
0.4642857142857143,0.47674418604651175,0.37662337662337664,0.2,0.0,0.0,0.7083333333333334,0.30303030303030304,0.0
0.6428571428571429,0.5697674418604652,0.3116883116883117,0.275,0.0,0.0,0.7222222222222222,0.26262626262626265,0.0
0.3571428571428571,0.3953488372093023,0.36363636363636365,0.25,0.0,0.0,0.7083333333333334,0.21212121212121213,0.0
0.5357142857142858,0.627906976744186,0.24675324675324672,0.44999999999999996,0.0,0.0,0.6805555555555555,0.21212121212121213,0.0
0.5476190476190476,0.3837209302325581,0.3246753246753247,0.21250000000000002,0.0,0.0,0.7222222222222222,0.25252525252525254,9.0
0.4642857142857143,0.3023255813953489,0.4415584415584415,0.21250000000000002,0.0,0.0,0.8194444444444444,0.21212121212121213,0.0
0.7976190476190477,0.6627906976744187,0.15584415584415584,0.3125,0.0,0.0,0.6805555555555555,0.21212121212121213,3.0
0.6309523809523809,0.48837209302325585,0.37662337662337664,0.21250000000000002,0.0,0.0,0.75,0.46464646464646464,7.0
0.34523809523809523,0.3604651162790698,0.2857142857142857,0.1875,0.0,0.0,0.7361111111111112,0.47474747474747475,7.0
0.33333333333333337,0.5697674418604652,0.23376623376623373,0.3375,0.0,0.0,0.6805555555555555,0.21212121212121213,5.0
0.40476190476190477,0.4302325581395349,0.2597402597402597,0.275,0.0,0.0,0.7916666666666665,0.21212121212121213,7.0
0.5476190476190476,0.45348837209302334,0.48051948051948046,0.35000000000000003,0.0,0.0,0.7222222222222222,0.4444444444444445,7.0
0.7142857142857143,0.7558139534883721,0.23376623376623373,0.475,0.0,0.0,0.75,0.21212121212121213,3.0
0.4285714285714286,0.313953488372093,0.2987012987012987,0.22499999999999998,0.0,0.0,0.7361111111111112,0.21212121212121213,5.0
0.40476190476190477,0.29069767441860467,0.2987012987012987,0.3625,0.0,0.0,0.5833333333333333,0.21212121212121213,6.0
0.5714285714285714,0.48837209302325585,0.35064935064935066,0.6,0.0,0.0,0.6388888888888888,0.21212121212121213,6.0
0.2023809523809524,0.313953488372093,0.2987012987012987,0.22499999999999998,0.0,0.0,0.6527777777777777,0.38383838383838387,7.0
0.13095238095238096,0.45348837209302334,0.16883116883116883,0.275,0.0,0.0,0.75,0.30303030303030304,5.0
0.16666666666666666,0.313953488372093,0.3116883116883117,0.17500000000000002,0.0,0.0,0.7777777777777778,0.6767676767676769,7.0
0.38095238095238093,0.313953488372093,0.18181818181818182,0.22499999999999998,0.0,0.0,0.75,0.30303030303030304,5.0
0.41666666666666674,0.5232558139534884,0.19480519480519481,0.15,0.0,0.0,0.6944444444444444,0.21212121212121213,5.0
0.5357142857142858,0.6627906976744187,0.3116883116883117,0.2625,0.0,0.0,0.7222222222222222,0.21212121212121213,6.0
0.7142857142857143,0.4302325581395349,0.33766233766233766,0.28750000000000003,0.0,0.0,0.41666666666666663,0.31313131313131315,4.0
0.5714285714285714,0.3953488372093023,0.33766233766233766,0.6125,0.0,0.0,0.49999999999999994,0.31313131313131315,0.0
0.2857142857142857,0.2093023255813954,0.10389610389610388,0.2,0.0,0.0,0.7777777777777778,0.21212121212121213,5.0
0.6904761904761905,0.49999999999999994,0.20779220779220786,0.2375,0.0,0.0,0.6666666666666666,0.38383838383838387,4.0
0.4285714285714286,0.313953488372093,0.38961038961038963,0.3375,0.0,0.0,0.6527777777777777,0.24242424242424243,6.0
0.33333333333333337,0.48837209302325585,0.1428571428571429,0.22499999999999998,0.0,0.0,0.6805555555555555,0.21212121212121213,5.0
0.47619047619047616,0.27906976744186046,0.24675324675324672,0.2625,0.0,0.0,0.6388888888888888,0.33333333333333337,5.0
0.511904761904762,0.46511627906976755,0.4285714285714286,0.22499999999999998,0.0,0.0,0.6388888888888888,0.2828282828282828,7.0
0.7142857142857143,0.5813953488372094,0.24675324675324672,0.35000000000000003,0.0,0.0,0.5972222222222222,0.21212121212121213,2.0
0.44047619047619047,0.5116279069767442,0.3116883116883117,0.21250000000000002,0.0,0.0,0.7361111111111112,0.7373737373737375,0.0
0.36904761904761907,0.6627906976744187,0.2857142857142857,0.1875,0.0,0.0,0.6666666666666666,0.21212121212121213,5.0
0.8214285714285715,0.7558139534883721,0.2597402597402597,0.3125,0.0,0.0,0.7222222222222222,0.21212121212121213,2.0
0.33333333333333337,0.22093023255813954,0.1298701298701299,0.28750000000000003,0.0,0.0,0.6527777777777777,0.21212121212121213,5.0
0.9642857142857144,0.6046511627906976,0.37662337662337664,0.28750000000000003,0.0,0.0,0.7361111111111112,0.21212121212121213,3.0
0.8928571428571428,0.7441860465116279,0.1428571428571429,0.1875,0.0,0.0,0.7361111111111112,0.21212121212121213,4.0
0.7261904761904762,0.6860465116279071,0.23376623376623373,0.35000000000000003,0.0,0.0,0.611111111111111,0.21212121212121213,3.0
0.5833333333333334,0.627906976744186,0.09090909090909088,0.3375,0.0,0.0,0.763888888888889,0.21212121212121213,5.0
0.4285714285714286,0.4186046511627907,0.48051948051948046,0.7875,0.0,0.0,0.5277777777777778,0.15151515151515152,0.0
0.5595238095238095,0.6162790697674418,0.33766233766233766,0.2,0.0,0.0,0.6527777777777777,0.27272727272727276,6.0
0.8809523809523809,0.8255813953488371,0.09090909090909088,0.3875,0.0,0.0,0.763888888888889,0.41414141414141414,3.0
0.29761904761904756,0.3953488372093023,0.49350649350649345,0.325,0.0,0.0,0.6944444444444444,0.15151515151515152,7.0
0.3571428571428571,0.12790697674418605,0.46753246753246747,0.55,0.0,0.0,0.8333333333333333,0.6868686868686869,7.0
0.4285714285714286,0.27906976744186046,0.4545454545454545,0.2375,0.0,0.0,0.7916666666666665,0.21212121212121213,0.0
0.4642857142857143,0.5465116279069768,0.2727272727272727,0.25,0.0,0.0,0.6805555555555555,0.21212121212121213,6.0
0.48809523809523814,0.45348837209302334,0.4545454545454545,0.8624999999999999,0.0,0.0,0.6944444444444444,0.21212121212121213,6.0
0.5595238095238095,0.48837209302325585,0.19480519480519481,0.48750000000000004,0.0,0.0,0.75,0.5656565656565656,7.0
0.24999999999999997,0.17441860465116277,0.07792207792207789,0.1,0.0,0.0,0.7222222222222222,0.21212121212121213,5.0
0.3214285714285714,0.3953488372093023,0.4415584415584415,0.375,0.0,0.0,0.5694444444444444,0.10101010101010102,0.0
0.5833333333333334,0.5465116279069768,0.4025974025974026,0.1375,0.0,0.0,0.6388888888888888,0.21212121212121213,0.0
0.8333333333333334,0.558139534883721,0.2597402597402597,0.21250000000000002,0.0,0.0,0.7361111111111112,0.21212121212121213,4.0
0.4285714285714286,0.3372093023255814,0.49350649350649345,0.5,0.0,0.0,0.6666666666666666,0.46464646464646464,7.0
0.5714285714285714,0.3604651162790698,0.38961038961038963,0.2375,0.0,0.0,0.8194444444444444,0.26262626262626265,0.0
0.8928571428571428,0.6976744186046513,0.36363636363636365,0.5,0.0,0.0,0.763888888888889,0.21212121212121213,4.0
0.45238095238095244,0.29069767441860467,0.37662337662337664,0.3625,0.0,0.0,0.6666666666666666,0.21212121212121213,2.0
0.29761904761904756,0.372093023255814,0.5064935064935064,0.5750000000000001,0.0,0.0,0.7083333333333334,0.32323232323232326,0.0
0.36904761904761907,0.2441860465116279,0.4025974025974026,0.22499999999999998,0.0,0.0,0.7777777777777778,0.21212121212121213,0.0
0.1904761904761905,0.5348837209302326,0.3246753246753247,0.28750000000000003,0.0,0.0,0.763888888888889,0.21212121212121213,0.0
0.3571428571428571,0.3023255813953489,0.46753246753246747,0.5874999999999999,0.0,0.0,0.6666666666666666,0.42424242424242425,0.0
0.47619047619047616,0.23255813953488375,0.35064935064935066,0.2375,0.0,0.0,0.6944444444444444,0.21212121212121213,7.0
0.3214285714285714,0.2674418604651163,0.4285714285714286,0.2625,0.0,0.0,0.6805555555555555,0.21212121212121213,7.0
0.7380952380952381,0.8023255813953489,0.2597402597402597,0.375,0.0,0.0,0.763888888888889,0.21212121212121213,3.0
0.5357142857142858,0.44186046511627913,0.3246753246753247,0.21250000000000002,0.0,0.0,0.6388888888888888,0.21212121212121213,7.0
0.5357142857142858,0.3372093023255814,0.4025974025974026,0.2,0.0,0.0,0.6944444444444444,0.21212121212121213,7.0
0.33333333333333337,0.3604651162790698,0.38961038961038963,0.22499999999999998,0.0,0.0,0.75,0.21212121212121213,0.0
0.29761904761904756,0.4069767441860465,0.09090909090909088,0.275,0.0,0.0,0.7222222222222222,0.30303030303030304,5.0
0.38095238095238093,0.46511627906976755,0.4545454545454545,0.2,0.0,0.0,0.6944444444444444,0.35353535353535354,7.0
0.38095238095238093,0.32558139534883723,0.4025974025974026,0.275,0.0,0.0,0.7916666666666665,0.32323232323232326,7.0
0.5357142857142858,0.3488372093023256,0.4285714285714286,0.2375,0.0,0.0,0.75,0.21212121212121213,0.0
0.3928571428571429,0.45348837209302334,0.37662337662337664,0.4625,0.0,0.0,0.6944444444444444,0.21212121212121213,7.0
0.511904761904762,0.3604651162790698,0.5064935064935064,0.1625,0.0,0.0,0.7222222222222222,0.25252525252525254,7.0
0.24999999999999997,0.2558139534883721,0.1428571428571429,0.2375,0.0,0.0,0.763888888888889,0.25252525252525254,5.0
0.44047619047619047,0.3372093023255814,0.2857142857142857,0.21250000000000002,0.0,0.0,0.6666666666666666,0.36363636363636365,5.0
0.38095238095238093,0.44186046511627913,0.38961038961038963,0.65,1.0,0.0,0.6805555555555555,0.21212121212121213,0.0
0.48809523809523814,0.3953488372093023,0.4545454545454545,0.6875,0.0,0.0,0.6666666666666666,0.21212121212121213,0.0
0.7976190476190477,0.3953488372093023,0.3116883116883117,0.375,0.0,0.0,0.7361111111111112,0.46464646464646464,4.0
0.4642857142857143,0.23255813953488375,0.5064935064935064,0.2375,0.0,0.0,0.7916666666666665,0.21212121212121213,0.0
0.26190476190476186,0.27906976744186046,0.38961038961038963,0.325,0.0,0.0,0.7222222222222222,0.26262626262626265,7.0
0.7261904761904762,0.48837209302325585,0.22077922077922085,0.325,0.0,0.0,0.7083333333333334,0.25252525252525254,4.0
0.5,0.32558139534883723,0.4545454545454545,0.3625,0.0,0.0,0.6944444444444444,0.21212121212121213,6.0
0.5476190476190476,0.5116279069767442,0.4545454545454545,0.4375,0.0,0.0,0.6805555555555555,0.21212121212121213,6.0
0.7619047619047619,0.6162790697674418,0.36363636363636365,0.3625,0.0,0.0,0.7222222222222222,0.35353535353535354,6.0
0.45238095238095244,0.44186046511627913,0.38961038961038963,0.875,0.0,0.0,0.7083333333333334,0.21212121212121213,6.0
0.7023809523809523,0.8139534883720931,0.33766233766233766,0.35000000000000003,1.0,0.0,0.8055555555555555,0.21212121212121213,1.0
0.3214285714285714,0.558139534883721,0.37662337662337664,0.17500000000000002,0.0,0.0,0.7361111111111112,0.21212121212121213,0.0
0.33333333333333337,0.7790697674418605,0.15584415584415584,0.35000000000000003,0.0,0.0,0.7083333333333334,0.4444444444444445,5.0
0.5238095238095238,0.4302325581395349,0.4025974025974026,0.25,0.0,0.0,0.7777777777777778,0.21212121212121213,0.0
0.5,0.3372093023255814,0.4415584415584415,0.3,0.0,0.0,0.5416666666666666,0.27272727272727276,0.0
0.44047619047619047,0.3953488372093023,0.4285714285714286,0.22499999999999998,0.0,0.0,0.8055555555555555,0.21212121212121213,0.0
0.6547619047619048,0.47674418604651175,0.4025974025974026,0.22499999999999998,0.0,0.0,0.5972222222222222,0.21212121212121213,0.0
0.2857142857142857,0.32558139534883723,0.4285714285714286,0.35000000000000003,0.0,0.0,0.6527777777777777,0.21212121212121213,7.0
0.40476190476190477,0.4186046511627907,0.4415584415584415,0.3625,0.0,0.0,0.611111111111111,0.10101010101010102,0.0
0.41666666666666674,0.45348837209302334,0.3116883116883117,0.4625,0.0,0.0,0.7083333333333334,0.35353535353535354,7.0
0.27380952380952384,0.23255813953488375,0.5454545454545455,0.5,0.0,0.0,0.4444444444444444,0.15151515151515152,0.0
0.6547619047619048,0.5348837209302326,0.37662337662337664,0.2375,0.0,0.0,0.9583333333333333,0.21212121212121213,0.0
0.33333333333333337,0.5930232558139537,0.4415584415584415,0.2375,0.0,0.0,0.5972222222222222,0.24242424242424243,0.0
0.5476190476190476,0.3953488372093023,0.4025974025974026,0.275,0.0,0.0,0.6944444444444444,0.10101010101010102,0.0
0.2261904761904762,0.22093023255813954,0.4155844155844156,0.15,0.0,0.0,0.7361111111111112,0.37373737373737376,0.0
0.4285714285714286,0.47674418604651175,0.4415584415584415,0.21250000000000002,0.0,0.0,0.7222222222222222,0.6565656565656567,7.0
0.34523809523809523,0.3372093023255814,0.16883116883116883,0.41250000000000003,0.0,0.0,0.7083333333333334,0.21212121212121213,5.0
0.30952380952380953,0.3023255813953489,0.19480519480519481,0.22499999999999998,0.0,0.0,0.7083333333333334,0.21212121212121213,5.0
0.4642857142857143,0.3372093023255814,0.35064935064935066,0.21250000000000002,0.0,0.0,0.6388888888888888,0.46464646464646464,7.0
0.40476190476190477,0.3604651162790698,0.36363636363636365,0.375,0.0,0.0,0.6666666666666666,0.43434343434343436,0.0
0.09523809523809523,0.6046511627906976,0.48051948051948046,0.17500000000000002,0.0,0.0,0.2777777777777778,0.24242424242424243,7.0
0.16666666666666666,0.3953488372093023,0.2857142857142857,0.4,0.0,0.0,0.5555555555555556,0.21212121212121213,0.0
0.40476190476190477,0.2558139534883721,0.35064935064935066,0.2375,0.0,0.0,0.7361111111111112,0.696969696969697,7.0
0.6547619047619048,0.46511627906976755,0.38961038961038963,0.21250000000000002,0.0,0.0,0.75,0.21212121212121213,0.0
0.38095238095238093,0.3953488372093023,0.16883116883116883,0.325,0.0,0.0,0.7222222222222222,0.21212121212121213,5.0
0.34523809523809523,0.2558139534883721,0.11688311688311692,0.2,0.0,0.0,0.7083333333333334,0.26262626262626265,9.0
0.8571428571428571,0.9302325581395348,0.11688311688311692,0.2625,0.0,0.0,0.7083333333333334,0.21212121212121213,3.0
0.3214285714285714,0.6162790697674418,0.1298701298701299,0.21250000000000002,0.0,0.0,0.7083333333333334,0.21212121212121213,5.0
0.21428571428571427,0.13953488372093026,0.2597402597402597,0.21250000000000002,0.0,0.0,0.763888888888889,0.29292929292929293,5.0
0.8452380952380952,0.5697674418604652,0.3116883116883117,0.22499999999999998,0.0,0.0,0.6944444444444444,0.21212121212121213,8.0
0.6309523809523809,0.558139534883721,0.33766233766233766,0.1875,0.0,0.0,0.7361111111111112,0.21212121212121213,6.0
0.5238095238095238,0.4186046511627907,0.5584415584415585,0.44999999999999996,0.0,0.0,0.6805555555555555,0.21212121212121213,6.0
0.3571428571428571,0.45348837209302334,0.2857142857142857,0.17500000000000002,0.0,0.0,0.7222222222222222,0.6565656565656567,5.0
0.40476190476190477,0.372093023255814,0.4155844155844156,0.5375,0.0,0.0,0.763888888888889,0.37373737373737376,7.0
0.27380952380952384,0.372093023255814,0.4415584415584415,0.11249999999999999,0.0,0.0,0.763888888888889,0.21212121212121213,0.0
0.2261904761904762,0.2093023255813954,0.4415584415584415,0.2375,0.0,0.0,0.6666666666666666,0.5454545454545456,7.0
0.40476190476190477,0.4302325581395349,0.35064935064935066,0.2,0.0,0.0,0.7222222222222222,1.0,7.0
0.6309523809523809,0.558139534883721,0.07792207792207789,0.35000000000000003,0.0,0.0,0.7083333333333334,0.21212121212121213,6.0
0.5238095238095238,0.45348837209302334,0.4155844155844156,0.5750000000000001,0.0,0.0,0.7222222222222222,0.21212121212121213,6.0
0.27380952380952384,0.46511627906976755,0.35064935064935066,0.2625,0.0,0.0,0.75,0.30303030303030304,0.0
0.7142857142857143,0.5232558139534884,0.3246753246753247,0.5375,0.0,0.0,0.8194444444444444,0.21212121212121213,6.0
0.33333333333333337,0.3023255813953489,0.38961038961038963,0.8375,0.0,0.0,0.6527777777777777,0.21212121212121213,0.0
0.4642857142857143,0.3023255813953489,0.4285714285714286,0.875,0.0,0.0,0.6944444444444444,0.21212121212121213,6.0
0.6666666666666667,0.627906976744186,0.2987012987012987,0.3625,0.0,0.0,0.6388888888888888,0.21212121212121213,6.0
0.5,0.4302325581395349,0.2987012987012987,0.35000000000000003,0.0,0.0,0.6666666666666666,0.21212121212121213,0.0
0.27380952380952384,0.2558139534883721,0.4025974025974026,0.1375,0.0,0.0,0.49999999999999994,0.20202020202020202,7.0
0.6904761904761905,0.5465116279069768,0.19480519480519481,0.3375,0.0,0.0,0.7222222222222222,0.21212121212121213,4.0
0.30952380952380953,0.45348837209302334,0.48051948051948046,0.2375,0.0,0.6024096385542169,0.5833333333333333,0.21212121212121213,8.0
0.8452380952380952,0.7441860465116279,0.33766233766233766,0.28750000000000003,0.0,0.0,0.6388888888888888,0.21212121212121213,2.0
0.5,0.45348837209302334,0.48051948051948046,0.1625,0.0,0.0,0.6805555555555555,0.21212121212121213,6.0
0.3214285714285714,0.3953488372093023,0.46753246753246747,0.275,0.0,0.0,0.6388888888888888,0.21212121212121213,0.0
0.5476190476190476,0.5232558139534884,0.2727272727272727,0.2,0.0,0.0,0.7222222222222222,0.21212121212121213,4.0
0.75,0.6744186046511629,0.3116883116883117,0.3125,0.0,0.0,0.7916666666666665,0.21212121212121213,3.0
0.6071428571428572,0.5116279069767442,0.37662337662337664,0.1875,0.0,0.0,0.7222222222222222,0.2828282828282828,0.0
0.5357142857142858,0.5232558139534884,0.38961038961038963,0.2,0.0,0.0,0.3333333333333333,0.41414141414141414,7.0
0.2857142857142857,0.627906976744186,0.4415584415584415,0.5,0.0,0.0,0.7361111111111112,0.35353535353535354,7.0
0.24999999999999997,0.27906976744186046,0.37662337662337664,0.25,0.0,0.0,0.7222222222222222,0.27272727272727276,0.0
0.40476190476190477,0.48837209302325585,0.33766233766233766,0.21250000000000002,0.0,0.0,0.7222222222222222,0.21212121212121213,0.0
0.38095238095238093,0.4302325581395349,0.4025974025974026,0.1875,0.0,0.0,0.625,0.25252525252525254,7.0
0.5833333333333334,0.3023255813953489,0.46753246753246747,0.22499999999999998,0.0,0.0,0.6666666666666666,0.21212121212121213,0.0
0.3214285714285714,0.3837209302325581,0.38961038961038963,0.15,0.0,0.0,0.6666666666666666,0.21212121212121213,0.0
0.5833333333333334,0.3953488372093023,0.2727272727272727,0.65,0.0,0.0,0.75,0.6262626262626264,7.0
0.44047619047619047,0.23255813953488375,0.3116883116883117,0.17500000000000002,0.0,0.0,0.6527777777777777,0.25252525252525254,0.0
0.21428571428571427,0.627906976744186,0.3116883116883117,0.325,0.0,0.0,0.6527777777777777,0.36363636363636365,7.0
0.38095238095238093,0.29069767441860467,0.36363636363636365,0.35000000000000003,0.0,0.0,0.5555555555555556,0.21212121212121213,7.0
0.30952380952380953,0.558139534883721,0.1428571428571429,0.3125,0.0,0.0,0.7083333333333334,0.21212121212121213,5.0
0.27380952380952384,0.23255813953488375,0.49350649350649345,0.22499999999999998,0.0,0.0,0.7222222222222222,0.31313131313131315,7.0
0.6666666666666667,0.4302325581395349,0.38961038961038963,0.35000000000000003,0.0,0.0,0.7083333333333334,0.21212121212121213,6.0
0.34523809523809523,0.4302325581395349,0.24675324675324672,0.1625,0.0,0.0,0.625,0.24242424242424243,5.0
0.6428571428571429,0.5465116279069768,0.20779220779220786,0.375,0.0,0.0,0.7916666666666665,0.27272727272727276,5.0
0.5,0.4186046511627907,0.4025974025974026,0.7000000000000001,0.0,0.0,0.6805555555555555,0.40404040404040403,6.0
0.29761904761904756,0.2441860465116279,0.3116883116883117,0.275,0.0,0.0,0.611111111111111,0.30303030303030304,5.0
0.9047619047619049,0.8023255813953489,0.4415584415584415,0.44999999999999996,0.0,0.0,0.49999999999999994,0.21212121212121213,2.0
0.38095238095238093,0.3604651162790698,0.4025974025974026,0.17500000000000002,0.0,0.0,0.6944444444444444,0.30303030303030304,0.0
0.7857142857142857,0.5348837209302326,0.24675324675324672,0.41250000000000003,0.0,0.0,0.7916666666666665,0.21212121212121213,4.0
0.5595238095238095,0.7209302325581395,0.22077922077922085,0.4625,0.0,0.0,0.75,0.29292929292929293,4.0
0.511904761904762,0.46511627906976755,0.33766233766233766,0.17500000000000002,0.0,0.0,0.7777777777777778,0.21212121212121213,0.0
0.6071428571428572,0.5813953488372094,0.4285714285714286,0.25,0.0,0.0,0.6666666666666666,0.32323232323232326,7.0
0.41666666666666674,0.2093023255813954,0.4545454545454545,0.21250000000000002,0.0,0.0,0.8472222222222222,0.24242424242424243,7.0
0.45238095238095244,0.558139534883721,0.5454545454545455,0.22499999999999998,0.0,0.0,0.6388888888888888,0.42424242424242425,7.0
0.5833333333333334,0.5232558139534884,0.2857142857142857,0.28750000000000003,0.0,0.0,0.763888888888889,0.21212121212121213,6.0
0.41666666666666674,0.47674418604651175,0.49350649350649345,0.1625,0.0,0.0,0.6527777777777777,0.21212121212121213,0.0
0.29761904761904756,0.27906976744186046,0.4285714285714286,0.55,0.0,0.0,0.6666666666666666,0.21212121212121213,6.0
0.6428571428571429,0.45348837209302334,0.4155844155844156,0.65,0.0,0.0,0.6527777777777777,0.26262626262626265,6.0
0.34523809523809523,0.6976744186046513,0.33766233766233766,0.2,0.0,0.0,0.7083333333333334,0.21212121212121213,6.0
0.6190476190476191,0.5348837209302326,0.35064935064935066,0.3375,0.0,0.0,0.763888888888889,0.21212121212121213,6.0
0.5595238095238095,0.27906976744186046,0.22077922077922085,0.2625,0.0,0.0,0.6944444444444444,0.21212121212121213,0.0
0.5595238095238095,0.48837209302325585,0.37662337662337664,0.3125,0.0,0.0,0.7916666666666665,0.3434343434343434,7.0
0.5357142857142858,0.5697674418604652,0.37662337662337664,0.25,0.0,0.0,0.47222222222222227,0.25252525252525254,7.0
0.2857142857142857,0.4186046511627907,0.2727272727272727,0.3375,0.0,0.0,0.7083333333333334,0.21212121212121213,0.0
0.6309523809523809,0.7209302325581395,0.36363636363636365,0.22499999999999998,0.0,0.0,0.6388888888888888,0.21212121212121213,7.0
0.16666666666666666,0.2558139534883721,0.4545454545454545,0.375,0.0,0.0,0.8055555555555555,0.30303030303030304,7.0
0.5357142857142858,0.627906976744186,0.37662337662337664,0.48750000000000004,0.0,0.0,0.49999999999999994,0.21212121212121213,6.0
0.2380952380952381,0.18604651162790697,0.1428571428571429,0.2375,0.0,0.0,0.763888888888889,0.29292929292929293,5.0
0.7857142857142857,0.7441860465116279,0.36363636363636365,0.35000000000000003,0.0,0.0,0.4583333333333333,0.21212121212121213,2.0
0.1904761904761905,0.4069767441860465,0.16883116883116883,0.325,0.0,0.0,0.6805555555555555,0.25252525252525254,5.0
0.16666666666666666,0.29069767441860467,0.35064935064935066,0.28750000000000003,0.0,0.0,0.6944444444444444,0.27272727272727276,7.0
0.3214285714285714,0.13953488372093026,0.48051948051948046,0.125,0.0,0.0,0.6666666666666666,0.43434343434343436,7.0
0.34523809523809523,0.16279069767441862,0.3246753246753247,0.075,0.0,0.0,0.6805555555555555,0.41414141414141414,7.0
0.40476190476190477,0.3604651162790698,0.37662337662337664,0.21250000000000002,0.0,0.0,0.75,0.21212121212121213,0.0
0.2023809523809524,0.4302325581395349,0.4155844155844156,0.2375,0.0,0.0,0.7916666666666665,0.21212121212121213,0.0
0.41666666666666674,0.3372093023255814,0.35064935064935066,0.3,0.0,0.0,0.6666666666666666,0.30303030303030304,0.0
0.33333333333333337,0.023255813953488386,0.46753246753246747,0.1,0.0,0.0,0.7083333333333334,0.26262626262626265,7.0
0.4285714285714286,0.3372093023255814,0.3246753246753247,0.2,0.0,0.0,0.6388888888888888,0.26262626262626265,7.0
0.48809523809523814,0.4186046511627907,0.36363636363636365,0.25,0.0,0.0,0.7083333333333334,0.21212121212121213,7.0
0.29761904761904756,0.3953488372093023,0.35064935064935066,0.1625,0.0,0.0,0.6805555555555555,0.595959595959596,7.0
0.2380952380952381,0.29069767441860467,0.4155844155844156,0.35000000000000003,0.0,0.0,0.6388888888888888,0.30303030303030304,7.0
0.5238095238095238,0.3604651162790698,0.4545454545454545,0.3125,0.0,0.0,0.6805555555555555,0.21212121212121213,7.0
0.1904761904761905,0.19767441860465118,0.4155844155844156,0.1625,0.0,0.0,0.6944444444444444,0.21212121212121213,7.0
0.5714285714285714,0.4302325581395349,0.3246753246753247,0.15,0.0,0.0,0.75,0.30303030303030304,0.0
0.2857142857142857,0.08139534883720931,1.0,1.0,0.0,0.0,0.18055555555555555,0.0,0.0
0.5357142857142858,0.2441860465116279,0.3116883116883117,0.5125,0.0,0.0,0.6944444444444444,0.21212121212121213,0.0
0.48809523809523814,0.3372093023255814,0.49350649350649345,0.275,0.0,0.0,0.625,0.21212121212121213,0.0
0.48809523809523814,0.3372093023255814,0.49350649350649345,0.275,0.0,0.0,0.625,0.21212121212121213,0.0
0.44047619047619047,0.313953488372093,0.37662337662337664,0.41250000000000003,0.0,0.0,0.7083333333333334,0.25252525252525254,0.0
0.41666666666666674,0.46511627906976755,0.46753246753246747,0.5125,0.0,0.0,0.7361111111111112,0.20202020202020202,0.0
0.3214285714285714,0.4186046511627907,0.37662337662337664,0.55,0.0,0.0,0.75,0.10101010101010102,0.0
0.30952380952380953,0.18604651162790697,0.5064935064935064,0.5375,0.0,0.0,0.611111111111111,0.38383838383838387,0.0
0.7857142857142857,0.8372093023255813,0.2727272727272727,0.3375,0.0,0.0,0.6666666666666666,0.21212121212121213,3.0
0.4642857142857143,0.3953488372093023,0.3246753246753247,0.28750000000000003,0.0,0.0,0.7361111111111112,0.6767676767676769,0.0
0.48809523809523814,0.46511627906976755,0.3116883116883117,0.6125,0.0,0.0,0.75,0.21212121212121213,6.0
0.3571428571428571,0.3023255813953489,0.4285714285714286,0.21250000000000002,0.0,0.0,0.7777777777777778,0.21212121212121213,0.0
0.33333333333333337,0.6627906976744187,0.19480519480519481,0.17500000000000002,0.0,0.0,0.6944444444444444,0.21212121212121213,4.0
0.33333333333333337,0.18604651162790697,0.5194805194805195,0.25,0.0,0.0,0.5972222222222222,0.46464646464646464,0.0
0.7857142857142857,0.7906976744186047,0.22077922077922085,0.44999999999999996,0.0,0.0,0.5277777777777778,0.21212121212121213,3.0
0.44047619047619047,0.4186046511627907,0.3116883116883117,0.3625,0.0,0.0,0.6388888888888888,0.26262626262626265,7.0
0.45238095238095244,0.4069767441860465,0.37662337662337664,0.22499999999999998,0.0,0.0,0.7083333333333334,0.24242424242424243,7.0
0.5357142857142858,0.5232558139534884,0.2857142857142857,0.1875,0.0,0.0,0.75,0.21212121212121213,6.0
0.7023809523809523,0.49999999999999994,0.1428571428571429,0.2375,0.0,0.0,0.7361111111111112,0.26262626262626265,4.0
0.4285714285714286,0.3488372093023256,0.38961038961038963,0.22499999999999998,0.0,0.0,0.6527777777777777,0.2828282828282828,7.0
0.4285714285714286,0.4186046511627907,0.3116883116883117,0.275,0.0,0.0,0.7361111111111112,0.4444444444444445,7.0
0.511904761904762,0.3837209302325581,0.4545454545454545,0.5,0.0,0.0,0.6388888888888888,0.26262626262626265,6.0
0.4285714285714286,0.2093023255813954,0.36363636363636365,0.3,0.0,0.0,0.75,0.26262626262626265,7.0
0.5952380952380952,0.4186046511627907,0.49350649350649345,0.2625,0.0,0.0,0.763888888888889,0.5353535353535355,0.0
0.48809523809523814,0.48837209302325585,0.4155844155844156,0.2,0.0,0.0,0.7361111111111112,0.38383838383838387,0.0
0.3571428571428571,0.32558139534883723,0.0,0.2,0.0,0.0,0.5555555555555556,0.21212121212121213,5.0
0.34523809523809523,0.5930232558139537,0.19480519480519481,0.21250000000000002,0.0,0.0,0.7916666666666665,0.21212121212121213,5.0
0.5595238095238095,0.3372093023255814,0.11688311688311692,0.1375,0.0,0.0,0.6805555555555555,0.21212121212121213,9.0
0.7619047619047619,0.7209302325581395,0.4545454545454545,0.275,0.0,0.0,0.6805555555555555,0.21212121212121213,2.0
0.47619047619047616,0.5232558139534884,0.4155844155844156,0.2625,0.0,0.0,0.7222222222222222,0.21212121212121213,0.0
0.6071428571428572,0.32558139534883723,0.3116883116883117,0.2,0.0,0.0,0.7222222222222222,0.21212121212121213,0.0
0.4642857142857143,0.3604651162790698,0.37662337662337664,0.22499999999999998,0.0,0.0,0.7222222222222222,0.21212121212121213,0.0
0.5714285714285714,0.4302325581395349,0.3116883116883117,0.2625,0.0,0.0,0.6527777777777777,0.21212121212121213,0.0
0.45238095238095244,0.3953488372093023,0.37662337662337664,0.3,0.0,0.0,0.6944444444444444,0.21212121212121213,0.0
0.45238095238095244,0.4302325581395349,0.37662337662337664,0.1625,0.0,0.0,0.7083333333333334,0.32323232323232326,7.0
0.6190476190476191,0.3372093023255814,0.3246753246753247,0.1375,0.0,0.0,0.7083333333333334,0.21212121212121213,0.0
0.5238095238095238,0.7558139534883721,0.2857142857142857,0.3125,0.0,0.0,0.7083333333333334,0.21212121212121213,7.0
0.4285714285714286,0.48837209302325585,0.4545454545454545,0.2375,0.0,0.0,0.611111111111111,0.6363636363636365,0.0
0.5714285714285714,0.3953488372093023,0.23376623376623373,0.6625000000000001,0.0,0.0,0.6666666666666666,0.5555555555555557,5.0
0.4642857142857143,0.4186046511627907,0.3246753246753247,0.42500000000000004,0.0,0.0,0.7222222222222222,0.26262626262626265,7.0
0.48809523809523814,0.4302325581395349,0.3246753246753247,0.15,0.0,0.0,0.75,0.30303030303030304,0.0
0.4285714285714286,0.372093023255814,0.33766233766233766,0.3375,0.0,0.0,0.8194444444444444,0.21212121212121213,0.0
0.5238095238095238,0.3488372093023256,0.35064935064935066,0.11249999999999999,0.0,0.0,0.763888888888889,0.21212121212121213,9.0
0.41666666666666674,0.44186046511627913,0.36363636363636365,0.1625,0.0,0.0,0.6527777777777777,0.21212121212121213,0.0
0.8214285714285715,0.7906976744186047,0.22077922077922085,0.3875,0.0,0.0,0.7916666666666665,0.24242424242424243,3.0
0.7857142857142857,0.6511627906976745,0.18181818181818182,0.15,0.0,0.0,0.6805555555555555,0.25252525252525254,3.0
0.5238095238095238,0.2441860465116279,0.16883116883116883,0.3625,0.0,0.0,0.7083333333333334,0.21212121212121213,5.0
0.24999999999999997,0.3604651162790698,0.20779220779220786,0.17500000000000002,0.0,0.0,0.625,0.21212121212121213,5.0
0.6190476190476191,0.5930232558139537,0.24675324675324672,0.22499999999999998,0.0,0.0,0.75,0.26262626262626265,5.0
0.3214285714285714,0.3488372093023256,0.4415584415584415,0.17500000000000002,0.0,0.0,0.7361111111111112,0.5151515151515152,7.0
0.6428571428571429,0.46511627906976755,0.4025974025974026,0.1625,0.0,0.0,0.7361111111111112,0.21212121212121213,0.0
0.6190476190476191,0.49999999999999994,0.46753246753246747,0.5,0.0,0.0,0.5277777777777778,0.21212121212121213,6.0
0.5714285714285714,0.5348837209302326,0.33766233766233766,0.5375,0.0,0.0,0.7361111111111112,0.30303030303030304,6.0
0.30952380952380953,0.372093023255814,0.22077922077922085,0.3375,0.0,0.0,0.625,0.21212121212121213,7.0
0.36904761904761907,0.19767441860465118,0.5064935064935064,0.15,0.0,0.0,0.5555555555555556,0.21212121212121213,6.0
0.2857142857142857,0.29069767441860467,0.4415584415584415,0.1375,0.0,0.0,0.6666666666666666,0.21212121212121213,7.0
0.21428571428571427,0.3372093023255814,0.22077922077922085,0.1875,0.0,0.0,0.7361111111111112,0.21212121212121213,5.0
0.30952380952380953,0.23255813953488375,0.4545454545454545,0.3,0.0,0.0,0.611111111111111,0.1717171717171717,7.0
0.30952380952380953,0.09302325581395349,0.5324675324675325,0.4375,0.0,0.0,0.6527777777777777,0.21212121212121213,7.0
0.3571428571428571,0.4069767441860465,0.5454545454545455,0.35000000000000003,0.0,0.0,0.8194444444444444,0.5656565656565656,0.0
0.29761904761904756,0.4186046511627907,0.20779220779220786,0.28750000000000003,0.0,0.0,0.6944444444444444,0.21212121212121213,5.0
0.5357142857142858,0.372093023255814,0.36363636363636365,0.3125,0.0,0.0,0.75,0.21212121212121213,0.0
0.34523809523809523,0.3372093023255814,0.33766233766233766,0.21250000000000002,0.0,0.0,0.7083333333333334,0.35353535353535354,7.0
0.2857142857142857,0.17441860465116277,0.2987012987012987,0.17500000000000002,0.0,0.0,0.75,0.6565656565656567,7.0
0.6666666666666667,0.49999999999999994,0.16883116883116883,0.2375,0.0,0.0,0.7777777777777778,0.21212121212121213,4.0
