height,lenght,area,eccen,p_black,p_and,mean_tr,blackpix,blackand,wb_trans,class
0.0032258064516129032,0.031835205992509365,0.0001875208356484054,0.03242460674197869,0.6384364820846906,0.6357142857142858,0.0829678495052376,0.0006052837712739443,0.00037372699243202833,0.0,1.0
0.025806451612903226,0.06179775280898877,0.002062729192132459,0.013571327997227246,0.26167209554831705,0.8642857142857141,0.0016310848526586682,0.003240048422701702,0.006119779501074465,0.019308626596075993,0.0
0.006451612903225807,0.2153558052434457,0.0023544282698077564,0.13953303656207464,0.3007600434310532,0.2511904761904762,0.22070390372974738,0.004165776543473616,0.002802952443240213,0.0003114294612270321,1.0
0.006451612903225807,0.24531835205992508,0.0026877986442938105,0.15878706481672025,0.46254071661237783,0.4738095238095238,0.06846931748160498,0.006871751050345367,0.004951882649724376,0.002802865151043289,1.0
0.02258064516129032,0.03558052434456929,0.0010487276364040449,0.008957293099526682,0.4571118349619978,1.0,0.005980644459748449,0.002599159723705761,0.003527048491077268,0.008720024914356899,0.0
0.029032258064516127,0.17790262172284643,0.006604900544504946,0.03459082030897426,0.3680781758957654,0.8642857142857141,0.005001993548153249,0.014028341522466709,0.019667382976735495,0.049828713796325134,0.0
0.035483870967741936,0.013108614232209739,0.0006042338037559729,0.002339510652355216,0.12920738327904452,1.0,0.003624633005908151,0.0004272591326639607,0.002032140521349154,0.002491435689816257,0.0
0.029032258064516127,0.2340823970037453,0.008688465385042783,0.04542188814395211,0.41693811074918563,0.819047619047619,0.007430497662111711,0.02054404329559211,0.02473605531159488,0.05730302086577391,0.0
0.025806451612903226,0.08239700374531835,0.0027503055895099454,0.017983182962008223,0.39413680781758964,0.9476190476190476,0.007974192612997935,0.006124047568183437,0.00882930019620667,0.016505761445032702,0.0
0.029032258064516127,0.22846441947565543,0.008480108900988999,0.04433878136045433,0.30727470141150925,0.8666666666666667,0.006814310051107326,0.015594958342234564,0.025296645800242924,0.04609156026160075,0.0
0.03225806451612903,0.3857677902621723,0.015751750194466053,0.0678710814099162,0.20521172638436483,0.6702380952380952,0.0026459820943129505,0.021469771416364025,0.038260300850228905,0.10308315166614762,0.0
0.0,0.28277153558052437,0.000993165907323036,0.5487055068759228,0.8067318132464713,1.0,0.037152488310558555,0.004201381471195613,0.0033401849948612537,0.003114294612270321,1.0
0.029032258064516127,0.14606741573033707,0.005424213801533504,0.028453215202486812,0.33224755700325737,0.8571428571428572,0.003697125666026314,0.010574663533433027,0.016023544800523218,0.04422298349423856,0.0
0.029032258064516127,0.018726591760299626,0.0007014668296477387,0.003902794776537019,0.3192182410423453,1.0,0.001703577512776831,0.0012105675425478886,0.002359151639727179,0.007785736530675802,0.0
0.02258064516129032,0.04868913857677903,0.001437659739971108,0.012116354551395222,0.1509229098805646,0.7964285714285715,0.0037333719960853965,0.001424197108879869,0.003970849294590301,0.006540018685767673,0.0
1.0,0.8651685393258427,1.0000000000000002,0.005307223239139147,0.009771986970684043,0.0,0.010221465076660989,0.4494766075624867,0.539171260394282,1.0000000000000002,4.0
0.029032258064516127,0.16104868913857678,0.005979831092343594,0.0313414999584809,0.28773072747014117,0.8821428571428571,0.004204574286853456,0.010396638894823044,0.018102401195926376,0.04079725942074121,0.0
0.029032258064516127,0.15543071161048688,0.00577147460828981,0.030258393174983123,0.3007600434310532,0.8202380952380954,0.004929500888035087,0.010396638894823044,0.01644398766700925,0.037371535347243856,0.0
0.019354838709677417,0.011235955056179777,0.00027780864540504505,0.003541759182037757,0.2692725298588491,0.8785714285714286,0.004277066946971618,0.0003204443494979705,0.0008175277959450622,0.0018685767673621927,0.0
0.025806451612903226,0.06928838951310862,0.0023127569729969994,0.015174326036803966,0.39630836047774165,0.8785714285714286,0.005799412809453042,0.005162714519689525,0.006960665234046528,0.017128620367486767,0.0
0.0,0.03370786516853933,6.945216135126126e-05,0.06852816619190485,0.6568946796959827,1.0,0.011671318279024248,0.00021362956633198035,0.00023357937027001775,0.0006228589224540643,1.0
0.025806451612903226,0.03932584269662922,0.0013126458495388378,0.008755113166607095,0.25950054288816504,0.8916666666666666,0.004748269237739679,0.0019938759524318166,0.003994207231617303,0.007785736530675802,0.0
0.025806451612903226,0.15168539325842698,0.005063062562506946,0.03282535625187287,0.26167209554831705,0.9369047619047619,0.003697125666026314,0.00815352844833725,0.016116976548631225,0.034257240734973535,0.0
0.025806451612903226,0.0749063670411985,0.002500277808645405,0.0163801849224315,0.3203040173724213,0.8166666666666667,0.0034434013556127437,0.004664245531581571,0.007077454919181538,0.02055434444098412,0.0
0.025806451612903226,0.17602996254681647,0.005875652850316703,0.03804232059238719,0.22258414766558085,0.8202380952380954,0.0028997064047265207,0.008402762942391227,0.016747640848360272,0.03924011211460605,0.0
0.025806451612903226,0.11797752808988764,0.003937937548616513,0.02560464436188764,0.24212812160694894,0.9047619047619049,0.0031534307151400917,0.005946022929573453,0.012169485191067924,0.027094363126751793,0.0
0.025806451612903226,0.08239700374531835,0.0027503055895099454,0.017983182962008223,0.26058631921824105,0.9083333333333332,0.003624633005908151,0.0043438011820835995,0.008525647014855647,0.018685767673621928,0.0
0.0,0.2752808988764045,0.0009653850427825315,0.5342640830959524,0.9554831704668838,1.0,0.16753053753307479,0.004806665242469558,0.0032467532467532465,0.0006228589224540643,1.0
0.02258064516129032,0.1404494382022472,0.0041601844649405495,0.03422978471447499,0.4299674267100977,0.8452380952380953,0.005871905469571206,0.010040589617603075,0.012146127254040922,0.032700093428838374,0.0
0.025806451612903226,0.21722846441947566,0.007250805645071676,0.046866030521949154,0.3691639522258414,0.9369047619047619,0.004965747218094168,0.01545253863134658,0.023077641782677755,0.055123014637184685,0.0
0.035483870967741936,0.10674157303370786,0.004771363484831649,0.017380253519194457,0.28664495114006516,0.7654761904761904,0.009931494436188334,0.00826034323150324,0.012846865364850975,0.01899719713484896,0.0
0.019354838709677417,0.13108614232209737,0.003389265473941549,0.036551243587105244,0.3420195439739413,0.95,0.002754721084490195,0.0067293313394573805,0.010908156591609828,0.03238866396761134,0.0
0.016129032258064516,0.09363295880149812,0.002062729192132459,0.03061942876948238,0.2334419109663409,0.7321428571428572,0.0013411142121860153,0.002955209000925728,0.005325609642156405,0.018685767673621928,0.0
0.025806451612903226,0.19850187265917602,0.006625736192910324,0.04285492506706236,0.3213897937024973,0.8345238095238094,0.0030084453949037653,0.01260414441358684,0.019153508362141455,0.05761445032700094,0.0
0.03225806451612903,0.6292134831460674,0.02568340926769641,0.11053826796783894,0.10423452768729641,0.5678571428571428,0.003950849976439886,0.022893968525243894,0.05493786788750817,0.09187169106197447,0.0
0.025806451612903226,0.07865168539325842,0.002625291699077675,0.017181683942219864,0.33550488599348527,0.8642857142857141,0.005871905469571206,0.005091504664245532,0.007801550967018593,0.016817190906259733,0.0
0.49032258064516127,0.8258426966292135,0.46961467940882323,0.01036172156212881,0.038002171552660155,0.06547619047619047,0.01870310631048606,0.27351705476037885,0.3393674670653088,0.38181251946434136,4.0
0.035483870967741936,0.2303370786516854,0.01027197466385154,0.03723721121665385,0.23995656894679693,0.8440476190476192,0.003080938055021928,0.01566616819767856,0.02999159114267028,0.07069448769853628,0.0
0.016129032258064516,0.07116104868913857,0.0015626736304033783,0.02339871687949715,0.24321389793702494,0.6892857142857144,0.001703577512776831,0.0022787153742077904,0.0038307016724282907,0.013702896293989412,0.0
0.019354838709677417,0.0299625468164794,0.0007639737748638738,0.008700957827432207,0.4071661237785016,0.8404761904761904,0.007502990322229875,0.001673431602933846,0.0021956460805381667,0.004982871379632514,0.0
0.012903225806451613,0.07865168539325842,0.0014307145238359818,0.030980464363981643,0.35396308360477746,0.9773809523809525,0.0018123165029540755,0.002848394217759738,0.004718303279454358,0.016505761445032702,0.0
0.029032258064516127,0.32397003745318353,0.012022169129903323,0.06275159667991667,0.21606948968512488,0.6821428571428572,0.0032984160353764173,0.016947945595670443,0.02959450621321125,0.07412021177203364,0.0
0.025806451612903226,0.13108614232209737,0.004375486165129459,0.028413501287091893,0.2334419109663409,0.7166666666666667,0.0038058646562035585,0.006444491917681407,0.011165093898906847,0.026782933665524762,0.0
0.016129032258064516,0.18726591760299624,0.004146294032670297,0.060704524859105845,0.3409337676438653,0.7047619047619048,0.0031534307151400917,0.008224738303781244,0.010440997851069793,0.03706010588601682,0.0
0.04838709677419355,0.08052434456928839,0.004826925213912658,0.009859882085774836,0.3224755700325733,0.6952380952380953,0.004639530247562434,0.009186071352275154,0.012029337568905913,0.034257240734973535,0.0
0.025806451612903226,0.06367041198501873,0.0021252361373485943,0.013972077507121426,0.3452768729641694,0.8,0.0029359527347856025,0.004201381471195613,0.0059095580678314484,0.019931485518530054,0.0
0.025806451612903226,0.07677902621722846,0.0025627847538615403,0.016780934432325683,0.4049945711183497,0.930952380952381,0.006306861430280184,0.005839208146407463,0.008105204148369615,0.018374338212394894,0.0
0.019354838709677417,0.02247191011235955,0.0005695077230803423,0.00663583422689643,0.0814332247557003,0.3857142857142857,0.0032259233752582545,0.00024923449405397707,0.0008175277959450622,0.0018685767673621927,4.0
0.02258064516129032,0.10112359550561797,0.00299338815423936,0.02475260035886938,0.1780673181324647,0.5916666666666667,0.0010148972416542815,0.0035604927721996724,0.006540222367560497,0.02366863905325444,0.0
0.02258064516129032,0.050561797752808994,0.0014932214690521171,0.012567649044519298,0.23887079261672092,0.9630952380952382,0.0017760701728949937,0.0021362956633198035,0.004858450901616369,0.012768607910308316,0.0
0.02258064516129032,0.04494382022471911,0.00132653628180909,0.011213765565147067,0.2182410423452769,0.7916666666666666,0.0017760701728949937,0.0017446414583778395,0.0036438381762122765,0.01058860168171909,0.0
0.02258064516129032,0.5074906367041199,0.015050283364818314,0.12268350536679411,0.12812160694896849,0.5583333333333333,0.0009786509115951997,0.01498967457096062,0.031766794356722416,0.09623170351915292,0.0
0.029032258064516127,0.4868913857677903,0.018064507167463054,0.09416169340135244,0.11292073832790445,0.42261904761904767,0.0013773605422450971,0.01673431602933846,0.031159487994020366,0.09965742759265027,0.0
0.025806451612903226,0.06179775280898877,0.002062729192132459,0.013571327997227246,0.15852334419109665,0.7083333333333334,0.0016673311827177491,0.002207505518763797,0.005185462019994393,0.01339146683276238,0.0
0.019354838709677417,0.018726591760299626,0.0004722746971885766,0.005603272426628541,0.2953311617806732,0.8452380952380953,0.001413606872304179,0.0007120985544399345,0.0013547603475661028,0.005294300840859545,0.0
0.016129032258064516,0.0299625468164794,0.0006459051005667296,0.010159541629209224,0.18023887079261672,0.5214285714285714,0.0016310848526586682,0.000640888698995941,0.0012146127254040924,0.004671441918405481,0.0
0.012903225806451613,0.0056179775280898875,7.639737748638737e-05,0.0028196879930392337,0.2942453854505972,0.8214285714285714,0.0023197651237812167,0.0,0.0001868634962160142,0.0009342883836810964,0.0
0.012903225806451613,0.07865168539325842,0.0014307145238359818,0.030980464363981643,0.16720955483170466,0.761904761904762,0.0008699119214179559,0.0015310118920458591,0.003807343735401289,0.011211460604173155,0.0
0.029032258064516127,0.020599250936329586,0.000770918990999,0.00426383037103628,0.06840390879478825,0.1869047619047619,0.006234368770162021,0.00035604927721996724,0.0006773801737830515,0.0015571473061351607,0.0
0.02258064516129032,0.07865168539325842,0.002326647405267252,0.019337066441380456,0.14440825190010856,0.6678571428571428,0.0010511435717133633,0.002349925229651784,0.005582546949453424,0.015882902522578637,0.0
0.02258064516129032,0.054307116104868915,0.001604344927214135,0.013470238030767454,0.16720955483170466,0.8011904761904761,0.00047120229076805936,0.0017446414583778395,0.004461365972157338,0.013702896293989412,0.0
0.012903225806451613,0.013108614232209739,0.00021530170018890988,0.005707972749033327,0.5656894679695982,0.9702380952380951,0.003878357316321722,0.0006052837712739443,0.0007007381108100532,0.003114294612270321,0.0
0.02258064516129032,0.04868913857677903,0.001437659739971108,0.012116354551395222,0.14006514657980457,0.8238095238095238,0.0012323752220087707,0.0013529872534358755,0.004087638979725311,0.009342883836810962,0.0
0.019354838709677417,0.018726591760299626,0.0004722746971885766,0.005603272426628541,0.2953311617806732,0.9535714285714285,0.0008699119214179559,0.0007120985544399345,0.0015182659067551154,0.005917159763313609,0.0
0.019354838709677417,0.04681647940074907,0.0012015223913768196,0.01334026521674772,0.2964169381107492,1.0,0.0009061582514770378,0.0020294808801538133,0.004040923105671307,0.014325755216443477,0.0
0.019354838709677417,0.05617977528089888,0.001444604956106234,0.015921669717417437,0.21389793702497287,0.7476190476190475,0.0005074486208271403,0.0018870611692658264,0.003783985798374287,0.01463718467767051,0.0
0.019354838709677417,0.024344569288389514,0.0006181242360262252,0.007152115127030374,0.3246471226927252,1.0,0.003044691724962847,0.0010681478316599017,0.0020788563954031577,0.005605730302086578,0.0
0.019354838709677417,0.028089887640449437,0.000715357261917991,0.008184676927298263,0.24429967426710095,0.9464285714285714,7.249266011816191e-05,0.0009613330484939116,0.002289077828646174,0.00903145437558393,0.0
0.019354838709677417,0.0299625468164794,0.0007639737748638738,0.008700957827432207,0.2975027144408252,0.75,0.0016310848526586682,0.0012461724702698854,0.0019854246472951506,0.008097165991902834,0.0
0.02258064516129032,0.009363295880149813,0.0002708634292699189,0.002639170195789603,0.254071661237785,0.7773809523809523,0.002790967414549276,0.0002848394217759738,0.0007007381108100532,0.0021800062285892248,0.0
0.019354838709677417,0.04868913857677903,0.0012501389043227027,0.013856546116881661,0.0,0.01785714285714285,0.00503823987821233,0.0002848394217759738,0.0005605904886480425,0.0015571473061351607,0.0
0.019354838709677417,0.031835205992509365,0.0008125902878097567,0.009213628371621159,0.31053203040173727,0.9428571428571428,0.0015223458624814236,0.0013885921811578722,0.0025927310099971967,0.00903145437558393,0.0
0.025806451612903226,0.08614232209737828,0.0028753194799422156,0.018784681981796586,0.21715526601520083,0.7297619047619048,0.0015223458624814236,0.003952146977141637,0.007427823974586564,0.02366863905325444,0.0
0.019354838709677417,0.024344569288389514,0.0006181242360262252,0.007152115127030374,0.14657980456026057,0.7452380952380951,0.0,0.0004984689881079541,0.0015883397178361207,0.005605730302086578,0.0
0.019354838709677417,0.011235955056179777,0.00027780864540504505,0.003541759182037757,0.2692725298588491,1.0,0.0007974192612997932,0.0003204443494979705,0.000934317481080071,0.0034257240734973534,0.0
0.019354838709677417,0.04868913857677903,0.0012501389043227027,0.013856546116881661,0.22475570032573292,1.0,0.0007611729312407113,0.001673431602933846,0.004204428664860319,0.012457178449081284,0.0
0.029032258064516127,0.0599250936329588,0.002229414379375486,0.011845577855520775,0.11183496199782844,0.4809523809523809,0.0010511435717133633,0.0018870611692658264,0.0041343548537793135,0.013080037371535349,0.0
0.019354838709677417,0.018726591760299626,0.0004722746971885766,0.005603272426628541,0.30944625407166126,0.9226190476190477,0.0010511435717133633,0.0007477034821619312,0.0014715500327011119,0.005917159763313609,0.0
0.016129032258064516,0.016853932584269662,0.00035420602289143243,0.005949866597347832,0.25841476655808904,0.8214285714285714,0.0002899706404726511,0.0004272591326639607,0.0009810333551340746,0.004671441918405481,0.0
0.019354838709677417,0.07303370786516854,0.00188215357261918,0.02056097710673295,0.251900108577633,0.9273809523809524,0.001159882561890608,0.002848394217759738,0.00593291600485845,0.018685767673621928,0.0
0.019354838709677417,0.018726591760299626,0.0004722746971885766,0.005603272426628541,0.3235613463626493,0.9690476190476192,0.0018123165029540755,0.0007833084098839279,0.001541623843782117,0.005294300840859545,0.0
0.025806451612903226,0.0749063670411985,0.002500277808645405,0.0163801849224315,0.1997828447339848,0.694047619047619,0.0010873899017724443,0.003204443494979705,0.00618985331215547,0.021177203363438184,0.0
0.025806451612903226,0.04681647940074907,0.0015626736304033783,0.01036172156212881,0.23018458197611294,0.755952380952381,0.002283518793722135,0.0021719005910418,0.0041343548537793135,0.011834319526627219,0.0
0.019354838709677417,0.08052434456928839,0.0020766196244027114,0.02262610070726873,0.09771986970684038,0.35119047619047616,0.001703577512776831,0.0016022217474898526,0.0030598897505372323,0.009965742759265027,0.0
0.025806451612903226,0.08801498127340823,0.002937826425158351,0.019185431491690764,0.19326818675352878,0.6880952380952381,0.0010873899017724443,0.0037029124830876598,0.00724096047837055,0.024291497975708506,0.0
0.025806451612903226,0.04494382022471911,0.0015001666851872431,0.00996097205223463,0.18458197611292074,0.894047619047619,0.00144985320236326,0.0017446414583778395,0.004578155657292348,0.011211460604173155,0.0
0.025806451612903226,0.10112359550561797,0.003375375041671297,0.021994288416895023,0.19109663409337677,0.6392857142857143,0.0009786509115951997,0.004236986398917611,0.007848266841072597,0.028028651510432892,0.0
0.025806451612903226,0.07677902621722846,0.0025627847538615403,0.016780934432325683,0.12920738327904452,0.4797619047619047,0.0001449853202363247,0.0024211350850957773,0.004765019153508362,0.019931485518530054,0.0
0.025806451612903226,0.07677902621722846,0.0025627847538615403,0.016780934432325683,0.16938110749185667,0.5273809523809524,0.0009424045815361187,0.0029196040732037314,0.0051153882089133886,0.019931485518530054,0.0
0.019354838709677417,0.04119850187265918,0.001055672852539171,0.011795032872290879,0.39956568946796966,1.0,0.003044691724962847,0.002314320301929787,0.0035504064281042694,0.011211460604173155,0.0
0.019354838709677417,0.011235955056179777,0.00027780864540504505,0.003541759182037757,0.24647122692725296,0.5142857142857143,0.0037333719960853965,0.0002848394217759738,0.00046715874054003545,0.0018685767673621927,0.0
0.02258064516129032,0.03370786516853933,0.000993165907323036,0.008505998606402604,0.32899022801302935,0.6714285714285715,0.0029721990648446835,0.001815851313821833,0.002359151639727179,0.00903145437558393,0.0
0.016129032258064516,0.013108614232209739,0.0002708634292699189,0.004744007711720299,0.50271444082519,0.9261904761904762,0.0032259233752582545,0.0006764936267179378,0.0008408857329720639,0.003737153534724385,0.0
0.02258064516129032,0.06367041198501873,0.00188215357261918,0.01572671049638784,0.39522258414766553,0.9952380952380953,0.0037333719960853965,0.004165776543473616,0.006306642997290479,0.017751479289940832,0.0
0.029032258064516127,0.018726591760299626,0.0007014668296477387,0.003902794776537019,0.4277958740499457,1.0,0.004965747218094168,0.0016022217474898526,0.002359151639727179,0.006228589224540642,0.0
0.02258064516129032,0.03370786516853933,0.000993165907323036,0.008505998606402604,0.34961997828447344,0.9761904761904763,0.00311718438508101,0.0019226660969878231,0.003270111183780248,0.009342883836810962,0.0
0.02258064516129032,0.03370786516853933,0.000993165907323036,0.008505998606402604,0.3137893593919653,0.6476190476190478,0.004422052267207945,0.0017446414583778395,0.002289077828646174,0.007162877608221738,0.0
0.03225806451612903,0.018726591760299626,0.0007778642071341261,0.003541759182037757,0.33550488599348527,0.7833333333333333,0.004095835296676211,0.001424197108879869,0.0021022143324301596,0.006228589224540642,0.0
0.029032258064516127,0.0149812734082397,0.0005625625069452162,0.0031807235875384956,0.28773072747014117,0.8678571428571429,0.006198122440102938,0.0008545182653279214,0.001658413528917126,0.003114294612270321,0.0
0.02258064516129032,0.020599250936329586,0.0006042338037559729,0.005346937154534066,0.37785016286644957,0.9130952380952382,0.003407155025553662,0.0012105675425478886,0.0018686349621601418,0.005917159763313609,0.0
0.025806451612903226,0.028089887640449437,0.0009376041782420269,0.006350616107242013,0.32899022801302935,0.694047619047619,0.004277066946971618,0.0017090365306558428,0.002289077828646174,0.007162877608221738,0.0
0.029032258064516127,0.04494382022471911,0.0016737970885653962,0.008957293099526682,0.3398479913137894,0.7714285714285714,0.005074486208271411,0.003240048422701702,0.004508081846211342,0.011834319526627219,0.0
0.02258064516129032,0.011235955056179777,0.00032642515835092794,0.00309046468891368,0.3604777415852335,0.8511904761904763,0.0035521403457899874,0.0005696788435519476,0.000934317481080071,0.003114294612270321,0.0
0.029032258064516127,0.11797752808988764,0.004382431381264585,0.023037681284997887,0.11943539630836045,0.28571428571428575,0.003660879335967233,0.004058961760307626,0.005769410445669438,0.017440049828713798,0.0
0.025806451612903226,0.04681647940074907,0.0015626736304033783,0.01036172156212881,0.28555917480998916,0.7869047619047619,0.004494544927326109,0.002599159723705761,0.004274502475941324,0.01027717222049206,0.0
0.02258064516129032,0.026217228464419474,0.000770918990999,0.006700820633906297,0.3843648208469055,0.5535714285714286,0.005908151799630287,0.0016022217474898526,0.001541623843782117,0.005605730302086578,0.0
0.02258064516129032,0.050561797752808994,0.0014932214690521171,0.012567649044519298,0.35504885993485347,0.7345238095238096,0.0034796476856718246,0.002990813928647725,0.0038540596094552926,0.01339146683276238,0.0
0.035483870967741936,0.4868913857677903,0.02168990998999889,0.07845664504063456,0.13897937024972853,0.4809523809523809,0.002537243104135706,0.0228583635975219,0.041086611230496124,0.11118031765805046,0.0
0.02258064516129032,0.013108614232209739,0.0003819868874319369,0.003541759182037757,0.3387622149837134,1.0,0.00503823987821233,0.000640888698995941,0.0012846865364850976,0.002802865151043289,0.0
0.02258064516129032,0.1404494382022472,0.0041601844649405495,0.03422978471447499,0.255157437567861,0.655952380952381,0.002754721084490195,0.006551306700847397,0.00988040736242175,0.031454375583930244,0.0
0.029032258064516127,0.05805243445692884,0.0021599622180242246,0.011484542261021514,0.24647122692725296,0.7476190476190475,0.0021022871434267275,0.003240048422701702,0.005675978697561431,0.017751479289940832,0.0
0.019354838709677417,0.013108614232209739,0.00032642515835092794,0.0040580400821717015,0.4375678610206297,1.0,0.004132081626735292,0.0007120985544399345,0.0010978230402690834,0.0034257240734973534,0.0
0.025806451612903226,0.07303370786516854,0.00243777086342927,0.015975825056592327,0.28773072747014117,0.6226190476190475,0.0034796476856718246,0.004165776543473616,0.00553583107539942,0.018374338212394894,0.0
0.03225806451612903,0.20224719101123595,0.008264807200800089,0.035706420295976975,0.16829533116178066,0.5476190476190477,0.0029359527347856025,0.009755750195827102,0.017144725777819305,0.04515727187791966,0.0
0.019354838709677417,0.03558052434456929,0.0009098233137015225,0.010246190171889045,0.4104234527687297,0.8297619047619047,0.0048932545579760045,0.0020294808801538133,0.0025927310099971967,0.007785736530675802,0.0
0.02258064516129032,0.08239700374531835,0.00243777086342927,0.02023965542762861,0.2366992399565689,0.4809523809523809,0.002790967414549276,0.0035604927721996724,0.004531439783238344,0.017440049828713798,0.0
0.029032258064516127,0.03558052434456929,0.00132653628180909,0.007152115127030374,0.26167209554831705,0.5357142857142857,0.003697125666026314,0.0020294808801538133,0.0026394468840512005,0.00903145437558393,0.0
0.03225806451612903,0.11797752808988764,0.004826925213912658,0.02093645412501218,0.18566775244299674,0.5202380952380952,0.0032259233752582545,0.006017232785017446,0.009600112118097729,0.027094363126751793,0.0
0.029032258064516127,0.0599250936329588,0.002229414379375486,0.011845577855520775,0.28555917480998916,0.9130952380952382,0.001993548153249483,0.0037741223385316523,0.006937307297019526,0.020865773902211154,0.0
0.02258064516129032,0.009363295880149813,0.0002708634292699189,0.002639170195789603,0.3213897937024973,0.8761904761904762,0.002500996774076624,0.00039165420494196397,0.0007941698589180603,0.002802865151043289,0.0
0.02258064516129032,0.020599250936329586,0.0006042338037559729,0.005346937154534066,0.3441910966340934,0.9630952380952382,0.002537243104135706,0.0011037527593818985,0.0019620667102681487,0.006228589224540642,0.0
0.02258064516129032,0.02247191011235955,0.0006597955328369819,0.0057982316476581424,0.3007600434310532,0.930952380952381,0.0023560114538402977,0.0010681478316599017,0.0020788563954031577,0.006228589224540642,0.0
0.02258064516129032,0.09176029962546817,0.002715579508834315,0.022496127893248993,0.3246471226927252,0.898809523809524,0.0021385334734858085,0.005127109591967528,0.008338783518639634,0.027405792587978827,0.0
0.025806451612903226,0.07677902621722846,0.0025627847538615403,0.016780934432325683,0.2671009771986971,0.7892857142857143,0.0021747798035448903,0.00413017161575162,0.007054096982154536,0.02211149174711928,0.0
0.019354838709677417,0.05617977528089888,0.001444604956106234,0.015921669717417437,0.3441910966340934,0.8357142857142856,0.00358838667584907,0.0028127892900377412,0.0041577127908063154,0.012457178449081284,0.0
0.029032258064516127,0.08239700374531835,0.003062840315590621,0.016178004989511916,0.23561346362649296,0.5047619047619047,0.003407155025553662,0.004486220892971586,0.00593291600485845,0.019931485518530054,0.0
0.03225806451612903,0.20786516853932585,0.008493999333259252,0.03669204746895996,0.14983713355048858,0.3678571428571429,0.002247272463663053,0.009257281207719148,0.01329066616836401,0.04764870756773591,0.0
0.02258064516129032,0.07865168539325842,0.002326647405267252,0.019337066441380456,0.2681867535287731,0.7023809523809523,0.002537243104135706,0.003738517410809656,0.005816126319723442,0.01899719713484896,0.0
0.019354838709677417,0.02247191011235955,0.0005695077230803423,0.00663583422689643,0.22475570032573292,0.9214285714285715,0.0018848091630722383,0.0006764936267179378,0.0017752032140521347,0.004671441918405481,0.0
0.03870967741935484,0.42134831460674155,0.02034253805978442,0.06269744134074179,0.19435396308360478,0.9654761904761904,0.007285512341875386,0.026774905646941537,0.06640661496776604,0.07536592961694177,0.0
0.019354838709677417,0.1853932584269663,0.004799144349372153,0.051508948267209656,0.2214983713355049,0.9845238095238096,0.0020660408133676457,0.006800541194901375,0.01593011305241521,0.03643724696356276,0.0
0.019354838709677417,0.11610486891385767,0.003000333370374486,0.03242460674197869,0.22692725298588493,0.9892857142857143,0.0018123165029540755,0.004272591326639607,0.009997197047556758,0.024291497975708506,0.0
0.02258064516129032,0.3651685393258427,0.01082759195466163,0.08838512388936426,0.06840390879478825,0.5761904761904763,0.0010511435717133633,0.007655059460229296,0.023381294964028777,0.04920585487387107,0.0
0.0,0.5168539325842697,0.0018613179242138018,0.9999999999999999,1.0,1.0,1.0,0.009613330484939115,0.006259927123236475,0.0,1.0
0.1,0.653558052434457,0.07772391376819647,0.03942147656337437,0.06840390879478825,0.2880952380952381,0.010330204066838232,0.05629139072847682,0.10483042137718396,0.12457178449081284,4.0
0.025806451612903226,1.0000000000000002,0.03337870874541616,0.21454540203118622,0.07274701411509227,0.5642857142857143,0.0007611729312407113,0.024816634622231718,0.0710782023731664,0.1659919028340081,0.0
0.02258064516129032,0.12734082397003746,0.003771252361373486,0.03107072326260646,0.16829533116178066,0.6226190476190475,0.0015585921925405045,0.0043438011820835995,0.008595720825936652,0.025848645281843666,0.0
0.016129032258064516,0.13857677902621723,0.003062840315590621,0.04506085254945284,0.3007600434310532,0.9678571428571427,0.0013048678821269335,0.005447553941465498,0.010020554984583761,0.033634381812519466,0.0
0.025806451612903226,1.0000000000000002,0.03337870874541616,0.21454540203118622,0.029315960912052103,0.36904761904761907,0.00036246330059081476,0.017909278644164354,0.052625432121835,0.13111180317658053,0.0
0.012903225806451613,0.13857677902621723,0.0025419491054561615,0.05408674241193439,0.20629750271444078,0.9750000000000001,0.0003987096306498957,0.003346863205867692,0.008362141455666635,0.025537215820616632,0.0
0.019354838709677417,0.26217228464419473,0.006792421380153351,0.07265480303703142,0.08794788273615636,0.7107142857142857,0.00021747798035448834,0.005376344086021506,0.01723815752592731,0.0417315478044223,0.0
0.02258064516129032,0.15917602996254682,0.0047158017557506395,0.03874272964571577,0.4505971769815418,0.9345238095238095,0.005545688499039472,0.011856440931424909,0.014972437634308137,0.03986297103706011,0.0
0.02258064516129032,0.18726591760299624,0.005549227691965775,0.045512147042576924,0.22909880564603688,0.9738095238095237,0.0021747798035448903,0.008082318592893255,0.018242548818088386,0.04235440672687637,0.0
0.025806451612903226,0.15543071161048688,0.005188076452939216,0.03362685527166123,0.2714440825190011,0.5619047619047619,0.0035158940157309065,0.008616392508723206,0.010954872465663831,0.03706010588601682,0.0
0.029032258064516127,0.9550561797752809,0.035427547505278364,0.18442059202616784,0.06731813246471224,0.4547619047619048,0.0009061582514770378,0.025421918393505664,0.0645379800056059,0.16536904391155405,0.0
0.08709677419354839,0.11235955056179775,0.011799922213579287,0.007798368841184053,0.1009771986970684,0.41547619047619044,0.00311718438508101,0.01021861425621306,0.02011118378024853,0.04609156026160075,4.0
0.025806451612903226,0.2752808988764045,0.009188520946771864,0.059300096396503736,0.12920738327904452,0.7261904761904762,0.0007974192612997932,0.009150466424553158,0.023731664019433805,0.06135160386172533,0.0
0.025806451612903226,1.0000000000000002,0.03337870874541616,0.21454540203118622,0.12269272529858849,0.5928571428571427,0.001123636231831526,0.032720928576514985,0.0737643651312716,0.20336343818125197,0.0
0.025806451612903226,0.3352059925093633,0.011188743193688188,0.07213852213689748,0.08794788273615636,0.43214285714285716,0.0010148972416542815,0.008972441785943175,0.019573951228627488,0.05761445032700094,0.0
0.02258064516129032,0.1853932584269663,0.005493665962884766,0.04506085254945284,0.18023887079261672,0.8369047619047618,0.001703577512776831,0.0067293313394573805,0.01590675511538821,0.03830582373092495,0.0
0.019354838709677417,0.26591760299625467,0.006889654406045117,0.07368736483729932,0.028230184581976098,0.4357142857142857,0.0006161876110043849,0.003489282916755679,0.01209941137998692,0.0252257863593896,0.0
0.019354838709677417,0.024344569288389514,0.0006181242360262252,0.007152115127030374,0.2692725298588491,0.9273809523809524,0.002790967414549276,0.0008901231930499181,0.0019387087732411475,0.004982871379632514,0.0
0.025806451612903226,0.3464419475655431,0.011563784864984999,0.07454662955220755,0.08794788273615636,0.7785714285714287,0.0005436949508862221,0.009292886135441145,0.0316266467345604,0.06602304578013081,0.0
0.07419354838709678,0.5224719101123596,0.046609345482831424,0.042053426047273995,0.4049945711183497,0.8797619047619047,0.02359636086846207,0.10798974578081606,0.1409184340839017,0.12394892556835878,0.0
0.07741935483870968,0.5449438202247191,0.05063757084120458,0.0421003606745589,0.4028230184581977,0.8976190476190478,0.022182753996157892,0.11664174321726127,0.15558721853685883,0.14107754593584554,0.0
0.006451612903225807,0.9344569288389513,0.010355317257473053,0.6016694285889644,0.3192182410423453,0.3107142857142857,0.06585958171735112,0.019653920102542192,0.014551994767822105,0.008720024914356899,1.0
0.019354838709677417,0.2602996254681648,0.006743804867207468,0.07213852213689748,0.05646036916395222,0.6023809523809524,0.0006161876110043849,0.004308196254361603,0.015042511445389142,0.03083151666147618,0.0
0.025806451612903226,0.1891385767790262,0.006313201466829648,0.04084756716164646,0.10966340933767643,0.7130952380952381,0.00032621697053173294,0.005625578580075482,0.016070260674577223,0.04235440672687637,0.0
0.16774193548387095,0.0,0.00030558950994554954,0.0,1.0,1.0,0.18808220667657402,0.0016378266752118493,0.0010277492291880781,0.0,3.0
0.0,0.018726591760299626,1.3890432270252258e-05,0.03964531863196392,0.9011943539630837,1.0,0.03222298742252347,0.00010681478316599017,4.671587405400356e-05,0.0,1.0
0.0,0.031835205992509365,6.250694521613513e-05,0.06491781024691225,0.4571118349619978,1.0,0.006850556381166407,7.120985544399345e-05,0.00021022143324301597,0.0006228589224540643,1.0
0.07419354838709678,0.23220973782771534,0.02077314146016224,0.018734136998566686,0.9077090119435397,0.9511904761904764,0.07314509405922649,0.09752189703054903,0.06699056339344109,0.03986297103706011,0.0
0.04193548387096774,0.6928838951310862,0.03601094566062896,0.09560583577934949,0.32681867535287734,0.5119047619047619,0.013556127442096486,0.07007049775688955,0.07140521349154441,0.12644036125817504,0.0
0.03870967741935484,0.601123595505618,0.029010167796421828,0.08935630963856728,0.3213897937024973,0.6595238095238096,0.012722461850737613,0.05568610695720287,0.06963001027749229,0.10557458735596388,0.0
0.08064516129032259,0.31647940074906367,0.03063534837204134,0.023535910405406864,0.11834961997828447,0.8916666666666666,0.0015585921925405045,0.029409670298369297,0.0936186116042231,0.16848333852382436,0.0
0.07741935483870968,0.3146067415730337,0.029281031225691746,0.024337409425195227,0.14766558089033657,0.9369047619047619,0.0016673311827177491,0.03204443494979705,0.09322152667476408,0.18000622858922455,1.0
0.029032258064516127,0.0299625468164794,0.0011181797977553062,0.0060690083435325885,0.46362649294245384,0.7273809523809522,0.0243212874696437,0.0028127892900377412,0.002849668317294216,0.003114294612270321,0.0
0.5709677419354839,0.2602996254681648,0.1730122791421269,0.00277275336575433,0.537459283387622,0.5821428571428572,0.07397875965058537,0.5086163925087231,0.37765112585256466,0.20647773279352227,2.0
0.06129032258064516,0.0,7.639737748638737e-05,0.00011192103429477113,1.0,1.0,0.06846931748160498,0.0004628640603859574,0.00025693730729701953,0.0,3.0
0.03870967741935484,0.8089887640449438,0.03903211467940882,0.12018513905285921,0.3213897937024973,0.5297619047619048,0.013447388451919246,0.07484155807163712,0.07930019620667102,0.13609467455621302,0.0
0.03225806451612903,0.11423220973782772,0.004674130458939883,0.020279369343023528,0.2975027144408252,0.7380952380952381,0.007611729312407118,0.008331553086947233,0.012216201065121928,0.023045780130800376,0.0
0.019354838709677417,0.2846441947565543,0.0073758195355039455,0.07884295312674876,0.42128121606948965,0.9642857142857142,0.005944398129689368,0.017553229366944385,0.02405867513781183,0.056368732482092815,0.0
0.5322580645161291,0.8820224719101124,0.544109067674186,0.010195645188659149,0.30401737242128124,0.46071428571428574,0.05803037442458952,0.9999999999999999,0.9999999999999999,0.5107443164123326,2.0
0.025806451612903226,0.03370786516853933,0.0011251250138904322,0.007552864636924553,0.6384364820846906,0.875,0.023523868208343904,0.0038097272662536495,0.003363542931888255,0.004360012457178449,0.0
0.03225806451612903,0.04307116104868914,0.001771030114457162,0.0078091999090190295,0.48968512486427795,0.6749999999999999,0.03222298742252347,0.004735455387025564,0.004274502475941324,0.004048582995951417,0.0
0.04838709677419355,0.6423220973782772,0.03816396266251806,0.07755405605438641,0.33224755700325737,0.5976190476190477,0.014824748994164343,0.07526881720430108,0.08488274315612444,0.12675179071940207,0.0
0.03225806451612903,0.03558052434456929,0.0014654406045116126,0.006495030345041718,0.526601520086862,0.9023809523809523,0.028090905795788178,0.004165776543473616,0.004508081846211342,0.004048582995951417,0.0
0.04838709677419355,0.38202247191011235,0.022717801977997557,0.046190893960235534,0.34961997828447344,0.7607142857142858,0.015404690275109646,0.04653564053264972,0.06103428945155564,0.07598878853939584,0.0
0.006451612903225807,0.0056179775280898875,2.083564840537838e-05,0.004744007711720299,0.9098805646036917,0.9011904761904763,0.03584762042843162,0.0001424197108879869,4.671587405400356e-05,0.0,0.0
0.029032258064516127,0.47752808988764045,0.017717246360706745,0.09235651542885613,0.3170466883821933,0.736904761904762,0.006669324730870999,0.03361105176956491,0.046388862935625524,0.0999688570538773,0.0
0.03225806451612903,0.03932584269662922,0.0016182353594843873,0.007152115127030374,0.5689467969598262,0.7738095238095238,0.027112254884192975,0.004949084953357545,0.004367934224049332,0.004982871379632514,0.0
0.035483870967741936,0.03932584269662922,0.001771030114457162,0.006549185684216608,0.50271444082519,0.7428571428571429,0.028380876436260825,0.0048422701701915545,0.0046248715313463515,0.004671441918405481,0.0
0.03225806451612903,0.5636704119850188,0.023009501055672853,0.09905372570681743,0.32573289902280134,0.7666666666666667,0.006161876110043857,0.044612974435661895,0.06215547042885172,0.13920896916848335,0.0
0.04838709677419355,0.702247191011236,0.04171991332370263,0.08477476794437164,0.3170466883821933,0.5,0.01616586320635036,0.07922096418144271,0.08130897879099316,0.12457178449081284,0.0
0.02258064516129032,0.29213483146067415,0.008660684520502279,0.07078463865752525,0.39847991313789366,0.9845238095238096,0.005219471528507738,0.01968952503026419,0.028753620480239186,0.06820305200872002,0.0
0.24516129032258063,0.4794007490636704,0.13737637515279474,0.011982771381430495,0.41910966340933764,0.3928571428571429,0.2586538113016057,0.3274585202592039,0.2261048304213772,0.03924011211460605,0.0
0.05161290322580645,0.03370786516853933,0.0021807978664296034,0.003967781183546885,0.30727470141150925,0.2630952380952381,0.20801768820906885,0.003916542049419639,0.002662804821078202,0.0003114294612270321,0.0
0.019354838709677417,0.20411985018726592,0.005285309478830982,0.056664536556659116,0.1031487513572204,0.3416666666666667,0.0005074486208271403,0.004521825820693584,0.007824908904045594,0.033011522890065405,0.0
0.02258064516129032,0.38764044943820225,0.011494332703633738,0.09380065780685318,0.12486427795874047,0.3940476190476191,0.001957301823190401,0.011251157160150965,0.018873213117817436,0.06072874493927126,0.0
0.019354838709677417,0.12359550561797752,0.0031947994221580176,0.03448611998656947,0.19435396308360478,0.4619047619047618,0.0021385334734858085,0.004058961760307626,0.00579276838269644,0.02180006228589225,0.0
0.03870967741935484,0.5299625468164794,0.02557923102566952,0.07880323921135385,0.13680781758957652,0.46785714285714275,0.002754721084490195,0.026739300719219542,0.0474399701018406,0.12581750233572098,0.0
0.029032258064516127,0.5374531835205992,0.019939715523947108,0.10390965445283251,0.12160694896851248,0.4809523809523809,0.001413606872304179,0.019297870825322225,0.037723068298607866,0.11336032388663969,0.0
0.012903225806451613,0.1797752808988764,0.0033059228803200354,0.0699723085699019,0.2768729641693811,0.7988095238095237,0.0031534307151400917,0.005518763796909493,0.0092030271886387,0.0252257863593896,0.0
0.019354838709677417,0.05617977528089888,0.001444604956106234,0.015921669717417437,0.32899022801302935,0.7749999999999999,0.0026459820943129505,0.002705974506871751,0.0039007754835092964,0.013702896293989412,0.0
0.025806451612903226,0.20599250936329588,0.006875763973774865,0.044457923106639076,0.14115092290988054,0.4892857142857143,0.0016673311827177491,0.0071921953998433374,0.013103802672147995,0.04110868888196824,0.0
0.016129032258064516,0.05617977528089888,0.0012293032559173242,0.018586112404821994,0.1302931596091205,0.4821428571428571,0.0026822284243720323,0.0010681478316599017,0.00224236195459217,0.005917159763313609,0.0
0.019354838709677417,0.04681647940074907,0.0012015223913768196,0.01334026521674772,0.24212812160694894,0.8369047619047618,0.002863460074667439,0.0017090365306558428,0.0034569746799962622,0.008720024914356899,0.0
0.012903225806451613,0.026217228464419474,0.0004583842649183243,0.010762471072022991,0.015200868621064068,0.22261904761904766,0.0010511435717133633,0.0,0.0003970849294590301,0.0012457178449081284,0.0
0.012903225806451613,0.02247191011235955,0.00038893210356706306,0.009318328694025943,0.2312703583061889,0.8714285714285714,0.0012686215520678525,0.0004272591326639607,0.001144538914323087,0.003737153534724385,0.0
0.012903225806451613,0.07116104868913857,0.0012918102011334593,0.02809217960798755,0.28121606948968514,0.8845238095238095,0.0008699119214179559,0.0021006907355978067,0.0039007754835092964,0.01494861413889754,0.0
0.04193548387096774,0.7696629213483146,0.039997499722191354,0.10618056834223287,0.10857763300760043,0.6083333333333333,0.0017398238428359128,0.03649505091504664,0.09016163692422684,0.20242914979757087,0.0
0.025806451612903226,0.23782771535580524,0.007938382042449161,0.05127788548673014,0.15200868621064056,0.6964285714285714,0.0011961288919496889,0.008723207291889197,0.019830888535924508,0.054188726253503586,0.0
0.019354838709677417,0.07677902621722846,0.0019793865985109457,0.02159353890700084,0.1986970684039088,0.6880952380952381,0.0024647504440175423,0.0024923449405397707,0.004858450901616369,0.013080037371535349,0.0
0.016129032258064516,0.49063670411985016,0.010897044116012892,0.1581841353739065,0.04885993485342019,0.5952380952380952,0.0,0.0067293313394573805,0.02410539101186583,0.054811585175957654,0.0
0.019354838709677417,0.6460674157303371,0.01675880653405934,0.17838768724208517,0.08686210640608036,0.7011904761904764,0.00021747798035448834,0.013494267606636757,0.0421377183967112,0.10214886328246653,0.0
0.019354838709677417,0.6460674157303371,0.01675880653405934,0.17838768724208517,0.11509229098805646,0.6797619047619048,0.0005436949508862221,0.015701773125400557,0.04115668504157713,0.11024602927436937,0.0
0.08709677419354839,0.15168539325842698,0.01588370930103345,0.010506135799928514,0.20846905537459284,0.27380952380952384,0.0282358911160245,0.021932635476749982,0.020695132205923575,0.021488632824665215,0.0
0.0,0.2340823970037453,0.0008125902878097567,0.45483625230611485,0.991313789359392,1.0,0.4490557831019609,0.004201381471195613,0.0027328786321592076,0.0,1.0
0.035483870967741936,0.0599250936329588,0.0026877986442938105,0.009859882085774836,0.3387622149837134,0.7535714285714284,0.01076516002754721,0.005269529302855515,0.007124170793235541,0.011522890065400188,0.0
0.03225806451612903,0.018726591760299626,0.0007778642071341261,0.003541759182037757,0.3897937024972855,0.8428571428571427,0.01076516002754721,0.0016378266752118493,0.00224236195459217,0.003737153534724385,0.0
0.03225806451612903,0.31273408239700373,0.012772252472496946,0.05507236958491737,0.16829533116178066,0.6702380952380952,0.0015948385225995863,0.015132094281848607,0.031019340371858356,0.08657739022111492,0.0
0.0032258064516129032,0.11423220973782772,0.0007986998555395044,0.11185243753181626,0.4049945711183497,0.4821428571428571,0.03657254702961325,0.0017446414583778395,0.0014248341586471083,0.0012457178449081284,1.0
0.0,0.16104868913857678,0.0005417268585398378,0.3140323704514028,0.9131378935939197,1.0,0.05397078545797238,0.002599159723705761,0.0018219190881061385,0.0012457178449081284,1.0
0.016129032258064516,0.011235955056179777,0.00022919213245916215,0.004144688624851524,0.30184581976112923,0.4619047619047618,0.02316140490775309,0.0002848394217759738,0.0003270111183780249,0.0003114294612270321,0.0
0.029032258064516127,0.06928838951310862,0.0025766751861317923,0.013650755828017083,0.3344191096634094,0.8654761904761905,0.005001993548153249,0.004984689881079541,0.0076614033448565814,0.018062908751167863,0.0
0.02258064516129032,0.0018726591760299626,4.861651294588288e-05,0.0008339922232932944,0.525515743756786,0.4797619047619047,0.028598354416615318,7.120985544399345e-05,0.0,0.0,0.0
0.025806451612903226,0.18352059925093633,0.006125680631181243,0.03964531863196392,0.32681867535287734,0.9166666666666667,0.0029359527347856025,0.011820836003702912,0.019153508362141455,0.054811585175957654,0.0
0.035483870967741936,0.08801498127340823,0.003937937548616513,0.014372827017015607,0.18783930510314875,0.7083333333333334,0.0021747798035448903,0.004913480025635547,0.009950481173502756,0.026160074743070697,0.0
0.029032258064516127,0.24157303370786518,0.008966274030447828,0.046866030521949154,0.4060803474484256,0.7880952380952382,0.006053137119866612,0.020722067934202094,0.02475941324862188,0.06571161631890378,0.0
0.025806451612903226,0.0898876404494382,0.003000333370374486,0.019586181001584945,0.5515743756786102,0.9535714285714285,0.007285512341875386,0.008972441785943175,0.009693543866205736,0.025537215820616632,0.0
0.025806451612903226,0.08614232209737828,0.0028753194799422156,0.018784681981796586,0.24755700325732896,0.8476190476190477,0.0033346623654354982,0.0043794061098055975,0.008408857329720638,0.019620056057303024,0.0
0.04516129032258064,0.6385767790262172,0.035566451827980884,0.08224751878287681,0.1748099891422367,0.4619047619047618,0.005001993548153249,0.043616036459445985,0.06542558161263197,0.15384615384615385,0.0
0.025806451612903226,0.22846441947565543,0.007625847316368486,0.04927413793725923,0.3376764386536374,0.9952380952380953,0.006198122440102938,0.015132094281848607,0.025553583107539943,0.04733727810650888,0.0
0.016129032258064516,0.16666666666666666,0.0036879097677519723,0.05408674241193439,0.23778501628664492,0.7261904761904762,0.0015948385225995863,0.005483158869187495,0.009506680369989721,0.032077234506384306,0.0
0.035483870967741936,0.14794007490636704,0.006604900544504946,0.02400164632231092,0.26601520086862107,0.6107142857142857,0.0048570082279169235,0.010823898027487004,0.01487900588620013,0.03924011211460605,0.0
0.012903225806451613,0.050561797752808994,0.0009098233137015225,0.020149396529003792,0.2714440825190011,0.8464285714285715,0.0023922577838993795,0.0013885921811578722,0.0026394468840512005,0.007785736530675802,0.0
0.025806451612903226,0.07677902621722846,0.0025627847538615403,0.016780934432325683,0.4028230184581977,0.8869047619047619,0.006089383449925695,0.0058036032186854665,0.00777819302999159,0.018685767673621928,0.0
0.025806451612903226,0.13108614232209737,0.004375486165129459,0.028413501287091893,0.2964169381107492,0.8773809523809524,0.00311718438508101,0.007761874243395285,0.013173876483229,0.03519152911865463,0.0
0.00967741935483871,0.1198501872659176,0.0017432492499166576,0.05859968734317516,0.23561346362649296,0.5607142857142857,0.005618181159157636,0.0024923449405397707,0.0036204802391852746,0.008720024914356899,0.0
0.019354838709677417,0.3970037453183521,0.010292810312256918,0.10979092428722549,0.1302931596091205,0.6821428571428572,0.0005074486208271403,0.010289824111657053,0.025320003737269923,0.07349735284957958,0.0
0.04838709677419355,0.054307116104868915,0.003271196799644405,0.006700820633906297,0.05863192182410423,0.37023809523809526,0.004277066946971618,0.0020294808801538133,0.005068672334859385,0.008408595453129867,4.0
0.0,0.19662921348314608,0.0006736859651072342,0.38262913340626253,0.8458197611292073,1.0,0.050962340063068615,0.002990813928647725,0.002265719891619172,0.0015571473061351607,1.0
0.016129032258064516,0.0749063670411985,0.0016460162240248917,0.02460096540917969,0.16612377850162866,0.9130952380952382,0.0006886802711225486,0.0017802463860998362,0.0051153882089133886,0.01339146683276238,0.0
0.019354838709677417,0.06741573033707865,0.0017363040337815313,0.019015744762276115,0.24538545059717695,1.0,0.0012686215520678525,0.002563554795983764,0.005839484256750444,0.016505761445032702,0.0
0.025806451612903226,0.03932584269662922,0.0013126458495388378,0.008755113166607095,0.16069489685124863,0.9214285714285715,0.0018123165029540755,0.0013529872534358755,0.004110996916752312,0.008408595453129867,0.0
0.019354838709677417,0.07865168539325842,0.0020280031114568286,0.022109819807134785,0.18458197611292074,0.7702380952380953,0.0006524339410634667,0.0024211350850957773,0.005465757264318415,0.017751479289940832,0.0
0.016129032258064516,0.050561797752808994,0.001104289365485054,0.016780934432325683,0.3148751357220413,0.7380952380952381,0.0023922577838993795,0.00195827102470982,0.002849668317294216,0.01058860168171909,0.0
0.019354838709677417,0.06741573033707865,0.0017363040337815313,0.019015744762276115,0.22041259500542884,0.7285714285714286,0.0008699119214179559,0.002349925229651784,0.004461365972157338,0.016505761445032702,0.0
0.019354838709677417,0.016853932584269662,0.0004236581842426937,0.0050906018824395894,0.255157437567861,1.0,0.0006524339410634667,0.0005340739158299509,0.0014248341586471083,0.004982871379632514,0.0
0.016129032258064516,0.009363295880149813,0.0001875208356484054,0.003541759182037757,0.48751357220412594,0.9011904761904763,0.007466743992170792,0.0004272591326639607,0.0005605904886480425,0.0015571473061351607,0.0
0.025806451612903226,0.04494382022471911,0.0015001666851872431,0.00996097205223463,0.26167209554831705,0.6511904761904763,0.004132081626735292,0.002314320301929787,0.003503690554050266,0.009654313298037995,0.0
0.02258064516129032,0.04494382022471911,0.00132653628180909,0.011213765565147067,0.4733984799131379,0.7797619047619047,0.005545688499039472,0.0034180730613116855,0.003597122302158273,0.011834319526627219,0.0
0.02258064516129032,0.02247191011235955,0.0006597955328369819,0.0057982316476581424,0.3626492942453854,1.0,0.003044691724962847,0.001281777397991882,0.002219004017565168,0.006540018685767673,0.0
0.029032258064516127,0.011235955056179777,0.0004236581842426937,0.002458652398539972,0.30184581976112923,0.8464285714285715,0.0035158940157309065,0.000640888698995941,0.0012146127254040924,0.0034257240734973534,0.0
0.029032258064516127,0.27902621722846443,0.010355317257473053,0.05408674241193439,0.18783930510314875,0.5059523809523809,0.0034796476856718246,0.013209428184860783,0.020298047276464542,0.056680161943319846,0.0
0.025806451612903226,0.024344569288389514,0.0008125902878097567,0.005549117087453652,0.21606948968512488,1.0,0.0034434013556127437,0.0009969379762159083,0.0027328786321592076,0.004982871379632514,0.0
0.016129032258064516,0.0149812734082397,0.00031253472608067567,0.005346937154534066,0.3159609120521173,0.669047619047619,0.0032259233752582545,0.0004628640603859574,0.0007007381108100532,0.002802865151043289,0.0
0.02258064516129032,0.05805243445692884,0.001715468385376153,0.014372827017015607,0.3213897937024973,0.763095238095238,0.003370908695494581,0.0031688385672577085,0.004578155657292348,0.014325755216443477,0.0
0.02258064516129032,0.07303370786516854,0.0021599622180242246,0.017983182962008223,0.2942453854505972,0.888095238095238,0.002537243104135706,0.003738517410809656,0.006563580304587498,0.01899719713484896,0.0
0.02258064516129032,0.0149812734082397,0.0004375486165129459,0.003993053675161834,0.30618892508143325,0.7845238095238096,0.002247272463663053,0.0006764936267179378,0.0011678968513500888,0.004360012457178449,0.0
0.02258064516129032,0.054307116104868915,0.001604344927214135,0.013470238030767454,0.23561346362649296,0.8369047619047618,0.0035521403457899874,0.0022787153742077904,0.0046248715313463515,0.01027717222049206,0.0
0.02258064516129032,0.026217228464419474,0.000770918990999,0.006700820633906297,0.37567861020629745,0.9107142857142858,0.003080938055021928,0.0015666168197678559,0.002382509576754181,0.007785736530675802,0.0
0.025806451612903226,0.1348314606741573,0.00450050005556173,0.029215000306880255,0.3224755700325733,0.8166666666666667,0.005509442168980389,0.008545182653279214,0.01277679155376997,0.028962939894113988,0.0
0.029032258064516127,0.34269662921348315,0.012716690743415936,0.06636195262490929,0.2671009771986971,0.5547619047619048,0.005328210518684983,0.021042512283700066,0.02669812202186303,0.07194020554344442,0.0
0.019354838709677417,0.18726591760299624,0.004847760862318036,0.052025229167343603,0.4581976112920738,0.9678571428571427,0.007539236652288956,0.012354909919532862,0.015860039241334205,0.034257240734973535,0.0
0.02258064516129032,0.40074906367041196,0.0118832648072008,0.09695971925872172,0.35287730727470135,0.7488095238095238,0.0065243394106346735,0.024496190272733746,0.03148649911239839,0.07412021177203364,0.0
0.03870967741935484,0.2565543071161049,0.012397210801200135,0.03825533159314176,0.16612377850162866,0.6392857142857143,0.009967740766247415,0.014598020366018656,0.029010557787536206,0.033322952351292436,0.0
0.02258064516129032,0.026217228464419474,0.000770918990999,0.006700820633906297,0.2312703583061889,0.7714285714285714,0.0026459820943129505,0.0009969379762159083,0.002055498458376156,0.005605730302086578,0.0
0.019354838709677417,0.1853932584269663,0.004799144349372153,0.051508948267209656,0.21715526601520083,0.9761904761904763,0.0018848091630722383,0.006693726411735384,0.015813323367280203,0.03706010588601682,0.0
0.025806451612903226,0.5786516853932584,0.019314646071785756,0.12428650340637085,0.09880564603691641,0.7523809523809524,0.000579941280945304,0.01666310617389447,0.051434177333457905,0.11647461849891001,0.0
0.04193548387096774,0.00749063670411985,0.0004236581842426937,0.0012203003094075047,0.39522258414766553,0.4214285714285715,0.018449382000072494,0.0008545182653279214,0.000630664299729048,0.0012457178449081284,0.0
0.09677419354838711,0.0,0.00015279475497277477,4.693462728490403e-05,1.0,1.0,0.10834028054659466,0.0008545182653279214,0.000513874614594039,0.0,3.0
0.0,0.050561797752808994,0.00013195910656739642,0.1010213696968384,0.496199782844734,1.0,0.006850556381166407,0.0002848394217759738,0.00044380080351303367,0.0012457178449081284,1.0
0.03225806451612903,0.299625468164794,0.012237470830092233,0.05277257284795707,0.2757871878393051,0.5833333333333334,0.005799412809453042,0.020722067934202094,0.02669812202186303,0.06726876362503893,0.0
0.025806451612903226,0.299625468164794,0.010001111234581622,0.06451706073701806,0.21064060803474485,0.4297619047619048,0.004712022907680598,0.013850316883856725,0.017425021022143324,0.050763002180006234,0.0
0.05161290322580645,0.018726591760299626,0.0012362484720524504,0.0022673035334553632,0.2681867535287731,0.32499999999999996,0.03283917503352786,0.0019226660969878231,0.0016817714659441278,0.0015571473061351607,0.0
0.012903225806451613,0.21910112359550563,0.004035170574508279,0.0851358035388709,0.0814332247557003,0.4011904761904762,0.0011961288919496889,0.002990813928647725,0.0066336541156685035,0.019308626596075993,0.0
0.00967741935483871,0.17228464419475656,0.0025211134570507832,0.08387217895812349,0.252985884907709,0.7178571428571429,0.001993548153249483,0.003880937121697643,0.006423432682425487,0.021488632824665215,0.0
0.012903225806451613,0.17790262172284643,0.003271196799644405,0.06925023738090338,0.35287730727470135,0.7821428571428573,0.0060168907898075314,0.006658121484013388,0.00894608988134168,0.021488632824665215,0.0
0.012903225806451613,0.03558052434456929,0.0006320146682964775,0.014372827017015607,0.09880564603691641,0.38095238095238093,0.0015948385225995863,0.00035604927721996724,0.0009109595440530691,0.003114294612270321,0.0
0.22580645161290322,0.06179775280898877,0.016703244804978333,0.0016607637346966037,0.01628664495114006,0.13452380952380955,0.0028997064047265207,0.00783308409883928,0.015182659067551153,0.03674867642478979,0.0
0.03225806451612903,0.6666666666666666,0.02721135681742416,0.11710550543178051,0.14766558089033657,0.7892857142857143,0.0015948385225995863,0.029836929431033256,0.07528263103802671,0.1697290563687325,0.0
0.025806451612903226,0.0,0.0,0.0003321527469393208,1.0,1.0,0.028598354416615318,7.120985544399345e-05,0.0,0.0,3.0
0.03225806451612903,0.22097378277153557,0.009028780975663963,0.03898823384997526,0.20521172638436483,0.6166666666666666,0.002211026133603972,0.012248095136366873,0.02050826870970756,0.06322018062908752,0.0
